Product ID*;Attribute (Name:Type:Position)*;Value (Value:Position)*;Supplier reference;Reference;EAN13;UPC;Wholesale price;Impact on price;Ecotax;Quantity;Minimal quantity;Impact on weight;Default (0 = No, 1 = Yes);Image position;Image URL;Delete existing images (0 = No, 1 = Yes);ID / Name of shop
557;"Größe 32 - 34 - 36 - 38:select:1";34:1;VIP-0001_purple_1;;;10;45.000000;0.000000;0.00;9;1;0;1;;;0;
557;"Größe 32 - 34 - 36 - 38:select:1";36:1;VIP-0001_purple_2;;;10;45.000000;0.000000;0.00;9;1;0;0;;;0;
557;"Größe 32 - 34 - 36 - 38:select:1";38:1;VIP-0001_purple_3;;;10;45.000000;0.000000;0.00;6;1;0;0;;;0;
557;"Größe 32 - 34 - 36 - 38:select:1";40:1;VIP-0001_purple_4;;;5;45.000000;0.000000;0.00;4;0;0;0;;;0;
557;"Größe 32 - 34 - 36 - 38:select:1";42:1;VIP-0001_purple_5;;;5;45.000000;0.000000;0.00;0;0;0;0;;;0;
558;"Größe 32 - 34 - 36 - 38:select:1";34:1;VIP-0001_green_1;;;10;45.000000;0.000000;0.00;11;1;0;1;;;0;
558;"Größe 32 - 34 - 36 - 38:select:1";40:1;VIP-0001_green_4;;;8;45.000000;0.000000;0.00;8;0;0;0;;;0;
558;"Größe 32 - 34 - 36 - 38:select:1";36:1;VIP-0001_green_2;;;10;45.000000;0.000000;0.00;5;1;0;0;;;0;
558;"Größe 32 - 34 - 36 - 38:select:1";38:1;VIP-0001_green_3;;;10;45.000000;0.000000;0.00;7;1;0;0;;;0;
558;"Größe 32 - 34 - 36 - 38:select:1";42:1;VIP-0001_green_5;;;8;45.000000;0.000000;0.00;6;0;0;0;;;0;
559;"Größe 32 - 34 - 36 - 38:select:1";34:1;VIP-0002_grey_1;;;5;52.000000;0.000000;0.00;5;1;0;1;;;0;
559;"Größe 32 - 34 - 36 - 38:select:1";40:1;VIP-0002_grey_4;;;5;52.000000;0.000000;0.00;1;0;0;0;;;0;
559;"Größe 32 - 34 - 36 - 38:select:1";36:1;VIP-0002_grey_2;;;5;52.000000;0.000000;0.00;4;1;0;0;;;0;
559;"Größe 32 - 34 - 36 - 38:select:1";38:1;VIP-0002_grey_3;;;5;52.000000;0.000000;0.00;2;1;0;0;;;0;
559;"Größe 32 - 34 - 36 - 38:select:1";42:1;VIP-0002_grey_5;;;5;52.000000;0.000000;0.00;0;0;0;0;;;0;
560;"Größe 32 - 34 - 36 - 38:select:1";34:1;VIP-0002_blue_1;;;7;52.000000;0.000000;0.00;5;1;0;1;;;0;
560;"Größe 32 - 34 - 36 - 38:select:1";40:1;VIP-0002_blue_4;;;5;52.000000;0.000000;0.00;-1;0;0;0;;;0;
560;"Größe 32 - 34 - 36 - 38:select:1";36:1;VIP-0002_blue_2;;;7;52.000000;0.000000;0.00;3;1;0;0;;;0;
560;"Größe 32 - 34 - 36 - 38:select:1";38:1;VIP-0002_blue_3;;;7;52.000000;0.000000;0.00;3;1;0;0;;;0;
560;"Größe 32 - 34 - 36 - 38:select:1";42:1;VIP-0002_blue_5;;;5;52.000000;0.000000;0.00;2;0;0;0;;;0;
561;"Größe 32 - 34 - 36 - 38:select:1";34:1;VIP-0003_red_1;;;5;63.000000;0.000000;0.00;4;1;0;1;;;0;
561;"Größe 32 - 34 - 36 - 38:select:1";40:1;VIP-0003_red_4;;;5;63.000000;0.000000;0.00;0;0;0;0;;;0;
561;"Größe 32 - 34 - 36 - 38:select:1";36:1;VIP-0003_red_2;;;5;63.000000;0.000000;0.00;0;1;0;0;;;0;
561;"Größe 32 - 34 - 36 - 38:select:1";38:1;VIP-0003_red_3;;;5;63.000000;0.000000;0.00;0;1;0;0;;;0;
561;"Größe 32 - 34 - 36 - 38:select:1";42:1;VIP-0003_red_5;;;5;63.000000;0.000000;0.00;0;0;0;0;;;0;
562;"Größe 32 - 34 - 36 - 38:select:1";34:1;VIP-0003_purple_1;;;5;63.000000;0.000000;0.00;2;1;0;1;;;0;
562;"Größe 32 - 34 - 36 - 38:select:1";40:1;VIP-0003_purple_4;;;5;63.000000;0.000000;0.00;2;0;0;0;;;0;
562;"Größe 32 - 34 - 36 - 38:select:1";36:1;VIP-0003_purple_2;;;5;63.000000;0.000000;0.00;4;1;0;0;;;0;
562;"Größe 32 - 34 - 36 - 38:select:1";38:1;VIP-0003_purple_3;;;5;63.000000;0.000000;0.00;3;1;0;0;;;0;
562;"Größe 32 - 34 - 36 - 38:select:1";42:1;VIP-0003_purple_5;;;5;63.000000;0.000000;0.00;1;0;0;0;;;0;
563;"Größe 32 - 34 - 36 - 38:select:1";34:1;VIP-0004_beige_1;;;8;54.000000;0.000000;0.00;5;1;0;1;;;0;
563;"Größe 32 - 34 - 36 - 38:select:1";40:1;VIP-0004_beige_4;;;8;54.000000;0.000000;0.00;6;0;0;0;;;0;
563;"Größe 32 - 34 - 36 - 38:select:1";36:1;VIP-0004_beige_2;;;8;54.000000;0.000000;0.00;6;1;0;0;;;0;
563;"Größe 32 - 34 - 36 - 38:select:1";38:1;VIP-0004_beige_3;;;8;54.000000;0.000000;0.00;7;1;0;0;;;0;
563;"Größe 32 - 34 - 36 - 38:select:1";42:1;VIP-0004_beige_5;;;8;54.000000;0.000000;0.00;7;0;0;0;;;0;
564;"Größe 32 - 34 - 36 - 38:select:1";34:1;VIP-0004_pink_1;;;6;54.000000;0.000000;0.00;0;1;0;1;;;0;
564;"Größe 32 - 34 - 36 - 38:select:1";40:1;VIP-0004_pink_4;;;6;54.000000;0.000000;0.00;3;0;0;0;;;0;
564;"Größe 32 - 34 - 36 - 38:select:1";36:1;VIP-0004_pink_2;;;6;54.000000;0.000000;0.00;1;1;0;0;;;0;
564;"Größe 32 - 34 - 36 - 38:select:1";38:1;VIP-0004_pink_3;;;6;54.000000;0.000000;0.00;6;1;0;0;;;0;
564;"Größe 32 - 34 - 36 - 38:select:1";42:1;VIP-0004_pink_5;;;5;54.000000;0.000000;0.00;0;0;0;0;;;0;
565;"Größe 32 - 34 - 36 - 38:select:1";34:1;VIP-0005_green_1;;;12;50.000000;0.000000;0.00;3;1;0;1;;;0;
565;"Größe 32 - 34 - 36 - 38:select:1";40:1;VIP-0005_green_4;;;12;50.000000;0.000000;0.00;6;0;0;0;;;0;
565;"Größe 32 - 34 - 36 - 38:select:1";36:1;VIP-0005_green_2;;;12;50.000000;0.000000;0.00;2;1;0;0;;;0;
565;"Größe 32 - 34 - 36 - 38:select:1";38:1;VIP-0005_green_3;;;12;50.000000;0.000000;0.00;0;1;0;0;;;0;
565;"Größe 32 - 34 - 36 - 38:select:1";42:1;VIP-0005_green_5;;;12;50.000000;0.000000;0.00;8;0;0;0;;;0;
566;"Größe 32 - 34 - 36 - 38:select:1";34:1;VIP-0005_peach_1;;;12;50.000000;0.000000;0.00;2;1;0;1;;;0;
566;"Größe 32 - 34 - 36 - 38:select:1";40:1;VIP-0005_peach_4;;;12;50.000000;0.000000;0.00;4;0;0;0;;;0;
566;"Größe 32 - 34 - 36 - 38:select:1";36:1;VIP-0005_peach_2;;;12;50.000000;0.000000;0.00;0;1;0;0;;;0;
566;"Größe 32 - 34 - 36 - 38:select:1";38:1;VIP-0005_peach_3;;;12;50.000000;0.000000;0.00;0;1;0;0;;;0;
566;"Größe 32 - 34 - 36 - 38:select:1";42:1;VIP-0005_peach_5;;;12;50.000000;0.000000;0.00;6;0;0;0;;;0;
567;"Größe 32 - 34 - 36 - 38:select:1";34:1;VIP-0006_red_1;;;7;50.000000;0.000000;0.00;3;1;0;1;;;0;
567;"Größe 32 - 34 - 36 - 38:select:1";40:1;VIP-0006_red_4;;;7;50.000000;0.000000;0.00;4;0;0;0;;;0;
567;"Größe 32 - 34 - 36 - 38:select:1";36:1;VIP-0006_red_2;;;7;50.000000;0.000000;0.00;2;1;0;0;;;0;
567;"Größe 32 - 34 - 36 - 38:select:1";38:1;VIP-0006_red_3;;;7;50.000000;0.000000;0.00;3;1;0;0;;;0;
567;"Größe 32 - 34 - 36 - 38:select:1";42:1;VIP-0006_red_5;;;7;50.000000;0.000000;0.00;5;0;0;0;;;0;
568;"Größe 32 - 34 - 36 - 38:select:1";34:1;VIP-0006_yellow_1;;;5;50.000000;0.000000;0.00;4;1;0;1;;;0;
568;"Größe 32 - 34 - 36 - 38:select:1";40:1;VIP-0006_yellow_4;;;5;50.000000;0.000000;0.00;5;0;0;0;;;0;
568;"Größe 32 - 34 - 36 - 38:select:1";36:1;VIP-0006_yellow_2;;;5;50.000000;0.000000;0.00;3;1;0;0;;;0;
568;"Größe 32 - 34 - 36 - 38:select:1";38:1;VIP-0006_yellow_3;;;5;50.000000;0.000000;0.00;7;1;0;0;;;0;
568;"Größe 32 - 34 - 36 - 38:select:1";42:1;VIP-0006_yellow_5;;;5;50.000000;0.000000;0.00;5;0;0;0;;;0;
569;"Größe 32 - 34 - 36 - 38:select:1";34:1;VIP-0007_blue_1;;;12;49.000000;0.000000;0.00;12;1;0;1;;;0;
569;"Größe 32 - 34 - 36 - 38:select:1";40:1;VIP-0007_blue_4;;;12;49.000000;0.000000;0.00;12;0;0;0;;;0;
569;"Größe 32 - 34 - 36 - 38:select:1";36:1;VIP-0007_blue_2;;;12;49.000000;0.000000;0.00;7;1;0;0;;;0;
569;"Größe 32 - 34 - 36 - 38:select:1";38:1;VIP-0007_blue_3;;;12;49.000000;0.000000;0.00;10;1;0;0;;;0;
569;"Größe 32 - 34 - 36 - 38:select:1";42:1;VIP-0007_blue_5;;;12;49.000000;0.000000;0.00;14;0;0;0;;;0;
570;"Größe 32 - 34 - 36 - 38:select:1";34:1;VIP-0007_peach_1;;;12;49.000000;0.000000;0.00;3;1;0;1;;;0;
570;"Größe 32 - 34 - 36 - 38:select:1";40:1;VIP-0007_peach_4;;;12;49.000000;0.000000;0.00;3;0;0;0;;;0;
570;"Größe 32 - 34 - 36 - 38:select:1";36:1;VIP-0007_peach_2;;;12;49.000000;0.000000;0.00;2;1;0;0;;;0;
570;"Größe 32 - 34 - 36 - 38:select:1";38:1;VIP-0007_peach_3;;;12;49.000000;0.000000;0.00;5;1;0;0;;;0;
570;"Größe 32 - 34 - 36 - 38:select:1";42:1;VIP-0007_peach_5;;;12;49.000000;0.000000;0.00;12;0;0;0;;;0;
571;"Größe 32 - 34 - 36 - 38:select:1";34:1;VIP-0008_purple_1;;;12;40.000000;0.000000;0.00;0;1;0;1;;;0;
571;"Größe 32 - 34 - 36 - 38:select:1";40:1;VIP-0008_purple_4;;;12;40.000000;0.000000;0.00;6;0;0;0;;;0;
571;"Größe 32 - 34 - 36 - 38:select:1";36:1;VIP-0008_purple_2;;;12;40.000000;0.000000;0.00;0;1;0;0;;;0;
571;"Größe 32 - 34 - 36 - 38:select:1";38:1;VIP-0008_purple_3;;;12;40.000000;0.000000;0.00;7;1;0;0;;;0;
571;"Größe 32 - 34 - 36 - 38:select:1";42:1;VIP-0008_purple_5;;;12;40.000000;0.000000;0.00;10;0;0;0;;;0;
572;"Größe 32 - 34 - 36 - 38:select:1";34:1;VIP-0008_pink_1;;;12;40.000000;0.000000;0.00;6;1;0;1;;;0;
572;"Größe 32 - 34 - 36 - 38:select:1";40:1;VIP-0008_pink_4;;;10;40.000000;0.000000;0.00;9;0;0;0;;;0;
572;"Größe 32 - 34 - 36 - 38:select:1";36:1;VIP-0008_pink_2;;;12;40.000000;0.000000;0.00;7;1;0;0;;;0;
572;"Größe 32 - 34 - 36 - 38:select:1";38:1;VIP-0008_pink_3;;;12;40.000000;0.000000;0.00;9;1;0;0;;;0;
572;"Größe 32 - 34 - 36 - 38:select:1";42:1;VIP-0008_pink_5;;;10;40.000000;0.000000;0.00;7;0;0;0;;;0;
573;"Größe 32 - 34 - 36 - 38:select:1";34:1;VIP-0009_black_1;;;5;49.000000;0.000000;0.00;5;1;0;1;;;0;
573;"Größe 32 - 34 - 36 - 38:select:1";40:1;VIP-0009_black_4;;;5;49.000000;0.000000;0.00;9;0;0;0;;;0;
573;"Größe 32 - 34 - 36 - 38:select:1";36:1;VIP-0009_black_2;;;5;49.000000;0.000000;0.00;6;1;0;0;;;0;
573;"Größe 32 - 34 - 36 - 38:select:1";38:1;VIP-0009_black_3;;;5;49.000000;0.000000;0.00;3;1;0;0;;;0;
573;"Größe 32 - 34 - 36 - 38:select:1";42:1;VIP-0009_black_5;;;5;49.000000;0.000000;0.00;5;0;0;0;;;0;
574;"Größe 32 - 34 - 36 - 38:select:1";34:1;VIP-0009_blue_1;;;7;49.000000;0.000000;0.00;9;1;0;1;;;0;
574;"Größe 32 - 34 - 36 - 38:select:1";40:1;VIP-0009_blue_4;;;5;49.000000;0.000000;0.00;4;0;0;0;;;0;
574;"Größe 32 - 34 - 36 - 38:select:1";36:1;VIP-0009_blue_2;;;7;49.000000;0.000000;0.00;4;1;0;0;;;0;
574;"Größe 32 - 34 - 36 - 38:select:1";38:1;VIP-0009_blue_3;;;7;49.000000;0.000000;0.00;6;1;0;0;;;0;
574;"Größe 32 - 34 - 36 - 38:select:1";42:1;VIP-0009_blue_5;;;5;49.000000;0.000000;0.00;4;0;0;0;;;0;
575;"Größe 32 - 34 - 36 - 38:select:1";34:1;VIP-0010_purple_1;;;3;65.000000;0.000000;0.00;3;1;0;1;;;0;
575;"Größe 32 - 34 - 36 - 38:select:1";40:1;VIP-0010_purple_4;;;3;65.000000;0.000000;0.00;3;0;0;0;;;0;
575;"Größe 32 - 34 - 36 - 38:select:1";36:1;VIP-0010_purple_2;;;3;65.000000;0.000000;0.00;0;1;0;0;;;0;
575;"Größe 32 - 34 - 36 - 38:select:1";38:1;VIP-0010_purple_3;;;3;65.000000;0.000000;0.00;0;1;0;0;;;0;
575;"Größe 32 - 34 - 36 - 38:select:1";42:1;VIP-0010_purple_5;;;3;65.000000;0.000000;0.00;0;0;0;0;;;0;
576;"Größe 32 - 34 - 36 - 38:select:1";34:1;VIP-0010_red_1;;;3;65.000000;0.000000;0.00;3;1;0;1;;;0;
576;"Größe 32 - 34 - 36 - 38:select:1";40:1;VIP-0010_red_4;;;3;65.000000;0.000000;0.00;3;0;0;0;;;0;
576;"Größe 32 - 34 - 36 - 38:select:1";36:1;VIP-0010_red_2;;;3;65.000000;0.000000;0.00;2;1;0;0;;;0;
576;"Größe 32 - 34 - 36 - 38:select:1";38:1;VIP-0010_red_3;;;3;65.000000;0.000000;0.00;2;1;0;0;;;0;
576;"Größe 32 - 34 - 36 - 38:select:1";42:1;VIP-0010_red_5;;;3;65.000000;0.000000;0.00;0;0;0;0;;;0;
577;"Größe 32 - 34 - 36 - 38:select:1";34:1;VIP-0011_red_1;;;10;50.000000;0.000000;0.00;3;1;0;1;;;0;
577;"Größe 32 - 34 - 36 - 38:select:1";40:1;VIP-0011_red_4;;;10;50.000000;0.000000;0.00;5;0;0;0;;;0;
577;"Größe 32 - 34 - 36 - 38:select:1";36:1;VIP-0011_red_2;;;10;50.000000;0.000000;0.00;2;1;0;0;;;0;
577;"Größe 32 - 34 - 36 - 38:select:1";38:1;VIP-0011_red_3;;;10;50.000000;0.000000;0.00;4;1;0;0;;;0;
577;"Größe 32 - 34 - 36 - 38:select:1";42:1;VIP-0011_red_5;;;10;50.000000;0.000000;0.00;3;0;0;0;;;0;
637;"Größe 32 - 34 - 36 - 38:select:1";34:1;VIP-0005_blue_1;;;5;50.000000;0.000000;0.00;0;0;0;1;;;0;
637;"Größe 32 - 34 - 36 - 38:select:1";40:1;VIP-0005_blue_4;;;5;50.000000;0.000000;0.00;0;0;0;0;;;0;
637;"Größe 32 - 34 - 36 - 38:select:1";36:1;VIP-0005_blue_2;;;5;50.000000;0.000000;0.00;0;0;0;0;;;0;
637;"Größe 32 - 34 - 36 - 38:select:1";38:1;VIP-0005_blue_3;;;5;50.000000;0.000000;0.00;0;0;0;0;;;0;
637;"Größe 32 - 34 - 36 - 38:select:1";42:1;VIP-0005_blue_5;;;5;50.000000;0.000000;0.00;0;0;0;0;;;0;
638;"Größe 32 - 34 - 36 - 38:select:1";34:1;VIP-0007_black_1;;;3;49.000000;0.000000;0.00;1;1;0;1;;;0;
638;"Größe 32 - 34 - 36 - 38:select:1";40:1;VIP-0007_black_4;;;3;49.000000;0.000000;0.00;0;0;0;0;;;0;
638;"Größe 32 - 34 - 36 - 38:select:1";36:1;VIP-0007_black_2;;;3;49.000000;0.000000;0.00;3;1;0;0;;;0;
638;"Größe 32 - 34 - 36 - 38:select:1";38:1;VIP-0007_black_3;;;3;49.000000;0.000000;0.00;1;1;0;0;;;0;
638;"Größe 32 - 34 - 36 - 38:select:1";42:1;VIP-0007_black_5;;;3;49.000000;0.000000;0.00;1;0;0;0;;;0;
639;"Größe 32 - 34 - 36 - 38:select:1";34:1;VIP-0008_blau_1;;;8;40.000000;0.000000;0.00;0;1;0;1;;;0;
639;"Größe 32 - 34 - 36 - 38:select:1";40:1;VIP-0008_blau_4;;;7;40.000000;0.000000;0.00;4;0;0;0;;;0;
639;"Größe 32 - 34 - 36 - 38:select:1";36:1;VIP-0008_blau_2;;;8;40.000000;0.000000;0.00;0;1;0;0;;;0;
639;"Größe 32 - 34 - 36 - 38:select:1";38:1;VIP-0008_blau_3;;;7;40.000000;0.000000;0.00;0;1;0;0;;;0;
639;"Größe 32 - 34 - 36 - 38:select:1";42:1;VIP-0008_blau_5;;;8;40.000000;0.000000;0.00;5;0;0;0;;;0;
640;"Größe 32 - 34 - 36 - 38:select:1";40:1;VIP-0008_green_4;;;8;40.000000;0.000000;0.00;4;0;0;0;;;0;
640;"Größe 32 - 34 - 36 - 38:select:1";36:1;VIP-0008_green_2;;;8;40.000000;0.000000;0.00;0;1;0;0;;;0;
640;"Größe 32 - 34 - 36 - 38:select:1";38:1;VIP-0008_green_3;;;7;40.000000;0.000000;0.00;0;1;0;0;;;0;
640;"Größe 32 - 34 - 36 - 38:select:1";42:1;VIP-0008_green_5;;;8;40.000000;0.000000;0.00;5;0;0;0;;;0;
640;"Größe 32 - 34 - 36 - 38:select:1";34:1;VIP-0008_green_1;;;8;40.000000;0.000000;0.00;0;1;0;1;;;0;
741;"Größe 32 - 34 - 36 - 38:select:1";38:1;02005-black_12;;;;12.500000;0.000000;0.00;0;0;0;0;;;0;
741;"Größe 32 - 34 - 36 - 38:select:1";44:1;02005-black_18;;;;0.000000;0.000000;0.00;0;1;0;0;;;0;
741;"Größe 32 - 34 - 36 - 38:select:1";46:1;02005-black_20;;;;0.000000;0.000000;0.00;0;1;0;0;;;0;
741;"Größe 32 - 34 - 36 - 38:select:1";42:1;02005-black_16;;;;0.000000;0.000000;0.00;0;1;0;0;;;0;
741;"Größe 32 - 34 - 36 - 38:select:1";36:1;02005-black_10;;;;10.500000;0.000000;0.00;0;1;0;0;;;0;
741;"Größe 32 - 34 - 36 - 38:select:1";40:1;02005-black_14;;;;12.500000;0.000000;0.00;0;0;0;0;;;0;
741;"Größe 32 - 34 - 36 - 38:select:1";34:1;02005-black_8;;;;10.500000;0.000000;0.00;0;1;0;1;;;0;
742;"Größe 32 - 34 - 36 - 38:select:1";38:1;02005-dark-green_12;;;;12.500000;0.000000;0.00;0;0;0;0;;;0;
742;"Größe 32 - 34 - 36 - 38:select:1";44:1;02005-dark-green_18;;;;0.000000;0.000000;0.00;0;1;0;0;;;0;
742;"Größe 32 - 34 - 36 - 38:select:1";46:1;02005-dark-green_20;;;;0.000000;0.000000;0.00;0;1;0;0;;;0;
742;"Größe 32 - 34 - 36 - 38:select:1";42:1;02005-dark-green_16;;;;0.000000;0.000000;0.00;0;1;0;0;;;0;
742;"Größe 32 - 34 - 36 - 38:select:1";36:1;02005-dark-green_10;;;;10.500000;0.000000;0.00;0;1;0;0;;;0;
742;"Größe 32 - 34 - 36 - 38:select:1";40:1;02005-dark-green_14;;;;12.500000;0.000000;0.00;0;0;0;0;;;0;
742;"Größe 32 - 34 - 36 - 38:select:1";34:1;02005-dark-green_8;;;;10.500000;0.000000;0.00;0;1;0;1;;;0;
743;"Größe 32 - 34 - 36 - 38:select:1";38:1;02005-light-pink_12;;;;12.500000;0.000000;0.00;0;0;0;0;;;0;
743;"Größe 32 - 34 - 36 - 38:select:1";34:1;02005-light-pink_8;;;;10.500000;0.000000;0.00;0;1;0;1;;;0;
743;"Größe 32 - 34 - 36 - 38:select:1";44:1;02005-light-pink_18;;;;0.000000;0.000000;0.00;0;1;0;0;;;0;
743;"Größe 32 - 34 - 36 - 38:select:1";46:1;02005-light-pink_20;;;;0.000000;0.000000;0.00;0;1;0;0;;;0;
743;"Größe 32 - 34 - 36 - 38:select:1";42:1;02005-light-pink_16;;;;0.000000;0.000000;0.00;0;1;0;0;;;0;
743;"Größe 32 - 34 - 36 - 38:select:1";36:1;02005-light-pink_10;;;;10.500000;0.000000;0.00;0;1;0;0;;;0;
743;"Größe 32 - 34 - 36 - 38:select:1";40:1;02005-light-pink_14;;;;12.500000;0.000000;0.00;0;0;0;0;;;0;
744;"Größe 32 - 34 - 36 - 38:select:1";38:1;P4000-burgundy_12;;;;12.500000;0.000000;0.00;0;0;0;0;;;0;
744;"Größe 32 - 34 - 36 - 38:select:1";44:1;P4000-burgundy_18;;;;0.000000;0.000000;0.00;0;1;0;0;;;0;
744;"Größe 32 - 34 - 36 - 38:select:1";46:1;P4000-burgundy_20;;;;0.000000;0.000000;0.00;0;1;0;0;;;0;
744;"Größe 32 - 34 - 36 - 38:select:1";42:1;P4000-burgundy_16;;;;0.000000;0.000000;0.00;0;1;0;0;;;0;
744;"Größe 32 - 34 - 36 - 38:select:1";36:1;P4000-burgundy_10;;;;10.500000;0.000000;0.00;0;1;0;0;;;0;
744;"Größe 32 - 34 - 36 - 38:select:1";40:1;P4000-burgundy_14;;;;12.500000;0.000000;0.00;0;0;0;0;;;0;
744;"Größe 32 - 34 - 36 - 38:select:1";34:1;P4000-burgundy_8;;;;10.500000;0.000000;0.00;0;1;0;1;;;0;
745;"Größe 32 - 34 - 36 - 38:select:1";38:1;P4000-dark-blue_12;;;;12.500000;0.000000;0.00;0;0;0;0;;;0;
745;"Größe 32 - 34 - 36 - 38:select:1";44:1;P4000-dark-blue_18;;;;0.000000;0.000000;0.00;0;1;0;0;;;0;
745;"Größe 32 - 34 - 36 - 38:select:1";46:1;P4000-dark-blue_20;;;;0.000000;0.000000;0.00;0;1;0;0;;;0;
745;"Größe 32 - 34 - 36 - 38:select:1";42:1;P4000-dark-blue_16;;;;0.000000;0.000000;0.00;0;1;0;0;;;0;
745;"Größe 32 - 34 - 36 - 38:select:1";36:1;P4000-dark-blue_10;;;;10.500000;0.000000;0.00;0;1;0;0;;;0;
745;"Größe 32 - 34 - 36 - 38:select:1";40:1;P4000-dark-blue_14;;;;12.500000;0.000000;0.00;0;0;0;0;;;0;
745;"Größe 32 - 34 - 36 - 38:select:1";34:1;P4000-dark-blue_8;;;;10.500000;0.000000;0.00;0;1;0;1;;;0;
746;"Größe 32 - 34 - 36 - 38:select:1";38:1;P4000-gold_12;;;;12.500000;0.000000;0.00;0;0;0;0;;;0;
746;"Größe 32 - 34 - 36 - 38:select:1";34:1;P4000-gold_8;;;;10.500000;0.000000;0.00;0;1;0;1;;;0;
746;"Größe 32 - 34 - 36 - 38:select:1";44:1;P4000-gold_18;;;;0.000000;0.000000;0.00;0;1;0;0;;;0;
746;"Größe 32 - 34 - 36 - 38:select:1";46:1;P4000-gold_20;;;;0.000000;0.000000;0.00;0;1;0;0;;;0;
746;"Größe 32 - 34 - 36 - 38:select:1";42:1;P4000-gold_16;;;;0.000000;0.000000;0.00;0;1;0;0;;;0;
746;"Größe 32 - 34 - 36 - 38:select:1";36:1;P4000-gold_10;;;;10.500000;0.000000;0.00;0;1;0;0;;;0;
746;"Größe 32 - 34 - 36 - 38:select:1";40:1;P4000-gold_14;;;;12.500000;0.000000;0.00;0;0;0;0;;;0;
749;"Größe 32 - 34 - 36 - 38:select:1";38:1;P4311-black_12;;;;12.500000;0.000000;0.00;0;0;0;0;;;0;
749;"Größe 32 - 34 - 36 - 38:select:1";34:1;P4311-black_8;;;;10.500000;0.000000;0.00;0;1;0;1;;;0;
749;"Größe 32 - 34 - 36 - 38:select:1";44:1;P4311-black_18;;;;0.000000;0.000000;0.00;0;1;0;0;;;0;
749;"Größe 32 - 34 - 36 - 38:select:1";46:1;P4311-black_20;;;;0.000000;0.000000;0.00;0;1;0;0;;;0;
749;"Größe 32 - 34 - 36 - 38:select:1";42:1;P4311-black_16;;;;0.000000;0.000000;0.00;0;1;0;0;;;0;
749;"Größe 32 - 34 - 36 - 38:select:1";36:1;P4311-black_10;;;;10.500000;0.000000;0.00;0;1;0;0;;;0;
749;"Größe 32 - 34 - 36 - 38:select:1";40:1;P4311-black_14;;;;12.500000;0.000000;0.00;0;0;0;0;;;0;
750;"Größe 32 - 34 - 36 - 38:select:1";38:1;P4311-dark-pink_12;;;;10.500000;0.000000;0.00;0;0;0;0;;;0;
750;"Größe 32 - 34 - 36 - 38:select:1";44:1;P4311-dark-pink_18;;;;10.500000;0.000000;0.00;0;1;0;0;;;0;
750;"Größe 32 - 34 - 36 - 38:select:1";46:1;P4311-dark-pink_20;;;;10.500000;0.000000;0.00;0;1;0;0;;;0;
750;"Größe 32 - 34 - 36 - 38:select:1";42:1;P4311-dark-pink_16;;;;10.500000;0.000000;0.00;0;1;0;0;;;0;
750;"Größe 32 - 34 - 36 - 38:select:1";36:1;P4311-dark-pink_10;;;;10.500000;0.000000;0.00;0;1;0;0;;;0;
750;"Größe 32 - 34 - 36 - 38:select:1";40:1;P4311-dark-pink_14;;;;10.500000;0.000000;0.00;0;0;0;0;;;0;
750;"Größe 32 - 34 - 36 - 38:select:1";34:1;P4311-dark-pink_8;;;;10.500000;0.000000;0.00;1;1;0;1;;;0;
759;Farbe:color:1;Beige:1;stola_beige_VIP-0004;;4250781842610;;1.500000;0.000000;0.00;1;1;0;1;;;0;
759;Farbe:color:1;Apricot:1;stola_apricot_VIP-0007;;4250781842603;;1.500000;0.000000;0.00;0;1;0;0;;;0;
759;Farbe:color:1;Dunkelblau:1;stola_darkblue_VIP-0005;;4250781842627;;1.500000;0.000000;0.00;4;1;0;0;;;0;
759;Farbe:color:1;Lila:1;stola_purple_VIP-0001;;4250781842665;;1.500000;0.000000;0.00;7;1;0;0;;;0;
759;Farbe:color:1;Pink:1;stola_pink_VIP-0008;;4250781842696;;1.500000;0.000000;0.00;5;1;0;0;;;0;
759;Farbe:color:1;Orange:1;stola_orange_VIP-0005;;4250781842689;;1.500000;0.000000;0.00;7;1;0;0;;;0;
759;Farbe:color:1;Grün:1;stola_green_VIP-0001;;4250781842641;;1.500000;0.000000;0.00;11;1;0;0;;;0;
759;Farbe:color:1;Lindgrün:1;stola_lightgreen_VIP-0005;;4250781842672;;1.500000;0.000000;0.00;7;1;0;0;;;0;
759;Farbe:color:1;Hellblau:1;stola_lightblue_VIP-0007;;4250781842658;;1.500000;0.000000;0.00;7;1;0;0;;;0;
759;Farbe:color:1;Rosa:1;stola_lightpink_VIP-0004;;4250781842702;;1.500000;0.000000;0.00;0;1;0;0;;;0;
759;Farbe:color:1;Rot:1;stola_red_VIP-0006;;4250781842719;;1.500000;0.000000;0.00;2;1;0;0;;;0;
759;Farbe:color:1;Royalblau:1;stola_royalblue_VIP-0009;;4250781842726;;1.500000;0.000000;0.00;9;1;0;0;;;0;
759;Farbe:color:1;Schwarz:1;stola_black;;4250781842733;;1.500000;0.000000;0.00;5;1;0;0;;;0;
759;Farbe:color:1;Weiß:1;stola_white;;4250781842740;;1.500000;0.000000;0.00;4;1;0;0;;;0;
759;Farbe:color:1;Gelb:1;stola_yellow_VIP-0006;;4250781842634;;1.500000;0.000000;0.00;3;1;0;0;;;0;
761;"Größe 32 - 34 - 36 - 38:select:1";38:1;VIP-0029_pink_38;;4250781849817;;65.000000;0.000000;0.00;3;0;0;0;;;0;
761;"Größe 32 - 34 - 36 - 38:select:1";36:1;VIP-0029_pink_36;;4250781849800;;65.000000;0.000000;0.00;3;1;0;0;;;0;
761;"Größe 32 - 34 - 36 - 38:select:1";40:1;VIP-0029_pink_40;;4250781849824;;65.000000;0.000000;0.00;3;0;0;0;;;0;
761;"Größe 32 - 34 - 36 - 38:select:1";34:1;VIP-0029_pink_34;;4250781849794;;65.000000;0.000000;0.00;3;1;0;1;;;0;
762;"Größe 32 - 34 - 36 - 38:select:1";36:1;VIP-0033_blue_36;;4250781847288;;49.000000;0.000000;0.00;3;1;0;0;;;0;
762;"Größe 32 - 34 - 36 - 38:select:1";40:1;VIP-0033_blue_40;;4250781847301;;49.000000;0.000000;0.00;2;0;0;0;;;0;
762;"Größe 32 - 34 - 36 - 38:select:1";38:1;VIP-0033_blue_38;;4250781847295;;49.000000;0.000000;0.00;3;0;0;0;;;0;
762;"Größe 32 - 34 - 36 - 38:select:1";34:1;VIP-0033_blue_34;;4250781847271;;49.000000;0.000000;0.00;3;1;0;1;;;0;
763;"Größe 32 - 34 - 36 - 38:select:1";36:1;VIP-0014_blue_36;;4250781847325;;30.000000;0.000000;0.00;2;1;0;0;;;0;
763;"Größe 32 - 34 - 36 - 38:select:1";40:1;VIP-0014_blue_40;;4250781847349;;30.000000;0.000000;0.00;0;0;0;0;;;0;
763;"Größe 32 - 34 - 36 - 38:select:1";38:1;VIP-0014_blue_38;;4250781847332;;30.000000;0.000000;0.00;0;0;0;0;;;0;
763;"Größe 32 - 34 - 36 - 38:select:1";34:1;VIP-0014_blue_34;;4250781847318;;30.000000;0.000000;0.00;3;1;0;1;;;0;
764;"Größe 32 - 34 - 36 - 38:select:1";36:1;VIP-0015_gold_36;;4250781847363;;41.000000;0.000000;0.00;1;1;0;0;;;0;
764;"Größe 32 - 34 - 36 - 38:select:1";40:1;VIP-0015_gold_40;;4250781847387;;41.000000;0.000000;0.00;3;0;0;0;;;0;
764;"Größe 32 - 34 - 36 - 38:select:1";38:1;VIP-0015_gold_38;;4250781847370;;41.000000;0.000000;0.00;3;0;0;0;;;0;
764;"Größe 32 - 34 - 36 - 38:select:1";34:1;VIP-0015_gold_34;;4250781847356;;41.000000;0.000000;0.00;2;1;0;1;;;0;
765;"Größe 32 - 34 - 36 - 38:select:1";36:1;VIP-0016_grey_36;;4250781847400;;31.000000;0.000000;0.00;3;1;0;0;;;0;
765;"Größe 32 - 34 - 36 - 38:select:1";40:1;VIP-0016_grey_40;;4250781847424;;31.000000;0.000000;0.00;3;0;0;0;;;0;
765;"Größe 32 - 34 - 36 - 38:select:1";38:1;VIP-0016_grey_38;;4250781847417;;31.000000;0.000000;0.00;3;0;0;0;;;0;
765;"Größe 32 - 34 - 36 - 38:select:1";34:1;VIP-0016_grey_34;;4250781847394;;31.000000;0.000000;0.00;2;1;0;1;;;0;
766;"Größe 32 - 34 - 36 - 38:select:1";36:1;VIP-0017_green_36;;4250781847448;;44.000000;0.000000;0.00;3;1;0;0;;;0;
766;"Größe 32 - 34 - 36 - 38:select:1";40:1;VIP-0017_green_40;;4250781847462;;44.000000;0.000000;0.00;3;0;0;0;;;0;
766;"Größe 32 - 34 - 36 - 38:select:1";38:1;VIP-0017_green_38;;4250781847455;;44.000000;0.000000;0.00;3;0;0;0;;;0;
766;"Größe 32 - 34 - 36 - 38:select:1";34:1;VIP-0017_green_34;;4250781847431;;44.000000;0.000000;0.00;3;1;0;1;;;0;
767;"Größe 32 - 34 - 36 - 38:select:1";36:1;VIP-0012_green_36;;;;31.000000;0.000000;0.00;3;1;0;0;;;0;
767;"Größe 32 - 34 - 36 - 38:select:1";40:1;VIP-0012_green_40;;;;31.000000;0.000000;0.00;3;0;0;0;;;0;
767;"Größe 32 - 34 - 36 - 38:select:1";38:1;VIP-0012_green_38;;;;31.000000;0.000000;0.00;3;0;0;0;;;0;
767;"Größe 32 - 34 - 36 - 38:select:1";34:1;VIP-0012_green_34;;;;31.000000;0.000000;0.00;3;1;0;1;;;0;
768;"Größe 32 - 34 - 36 - 38:select:1";36:1;VIP-0027_red_36;;4250781847967;;36.000000;0.000000;0.00;3;1;0;0;;;0;
768;"Größe 32 - 34 - 36 - 38:select:1";40:1;VIP-0027_red_40;;4250781847981;;36.000000;0.000000;0.00;3;0;0;0;;;0;
768;"Größe 32 - 34 - 36 - 38:select:1";38:1;VIP-0027_red_38;;4250781847974;;36.000000;0.000000;0.00;3;0;0;0;;;0;
768;"Größe 32 - 34 - 36 - 38:select:1";34:1;VIP-0027_red_34;;4250781847950;;36.000000;0.000000;0.00;3;1;0;1;;;0;
769;"Größe 32 - 34 - 36 - 38:select:1";34:1;VIP-0028_white_34;;4250781848032;;57.000000;0.000000;0.00;3;1;0;1;;;0;
769;"Größe 32 - 34 - 36 - 38:select:1";36:1;VIP-0028_white_36;;4250781848049;;57.000000;0.000000;0.00;3;1;0;0;;;0;
769;"Größe 32 - 34 - 36 - 38:select:1";40:1;VIP-0028_white_40;;4250781848063;;57.000000;0.000000;0.00;3;0;0;0;;;0;
769;"Größe 32 - 34 - 36 - 38:select:1";38:1;VIP-0028_white_38;;4250781848056;;57.000000;0.000000;0.00;2;0;0;0;;;0;
770;"Größe 32 - 34 - 36 - 38:select:1";36:1;VIP-0027_green_36;;4250781848001;;36.000000;0.000000;0.00;3;1;0;0;;;0;
770;"Größe 32 - 34 - 36 - 38:select:1";40:1;VIP-0027_green_40;;4250781848025;;36.000000;0.000000;0.00;3;0;0;0;;;0;
770;"Größe 32 - 34 - 36 - 38:select:1";38:1;VIP-0027_green_38;;4250781848018;;36.000000;0.000000;0.00;3;0;0;0;;;0;
770;"Größe 32 - 34 - 36 - 38:select:1";34:1;VIP-0027_green_34;;4250781847998;;36.000000;0.000000;0.00;3;1;0;1;;;0;
771;"Größe 32 - 34 - 36 - 38:select:1";36:1;VIP-0028_black_36;;4250781848087;;57.000000;0.000000;0.00;3;1;0;0;;;0;
771;"Größe 32 - 34 - 36 - 38:select:1";40:1;VIP-0028_black_40;;4250781848100;;57.000000;0.000000;0.00;3;0;0;0;;;0;
771;"Größe 32 - 34 - 36 - 38:select:1";38:1;VIP-0028_black_38;;4250781848094;;57.000000;0.000000;0.00;3;0;0;0;;;0;
771;"Größe 32 - 34 - 36 - 38:select:1";34:1;VIP-0028_black_34;;4250781848070;;57.000000;0.000000;0.00;3;1;0;1;;;0;
772;"Größe 32 - 34 - 36 - 38:select:1";36:1;VIP-0020_blue_36;;4250781847486;;41.000000;0.000000;0.00;2;1;0;0;;;0;
772;"Größe 32 - 34 - 36 - 38:select:1";40:1;VIP-0020_blue_40;;4250781847509;;41.000000;0.000000;0.00;1;0;0;0;;;0;
772;"Größe 32 - 34 - 36 - 38:select:1";38:1;VIP-0020_blue_38;;4250781847493;;41.000000;0.000000;0.00;2;0;0;0;;;0;
772;"Größe 32 - 34 - 36 - 38:select:1";34:1;VIP-0020_blue_34;;4250781847479;;41.000000;0.000000;0.00;1;1;0;1;;;0;
773;"Größe 32 - 34 - 36 - 38:select:1";38:1;VIP-0030_pink_38;;4250781847530;;46.000000;0.000000;0.00;3;0;0;0;;;0;
773;"Größe 32 - 34 - 36 - 38:select:1";36:1;VIP-0030_pink_36;;4250781847523;;46.000000;0.000000;0.00;3;1;0;0;;;0;
773;"Größe 32 - 34 - 36 - 38:select:1";34:1;VIP-0030_pink_34;;4250781847516;;46.000000;0.000000;0.00;3;1;0;1;;;0;
773;"Größe 32 - 34 - 36 - 38:select:1";40:1;VIP-0030_pink_40;;4250781847547;;46.000000;0.000000;0.00;2;0;0;0;;;0;
774;"Größe 32 - 34 - 36 - 38:select:1";36:1;VIP-0031_pink_36;;4250781848124;;49.000000;0.000000;0.00;3;1;0;0;;;0;
774;"Größe 32 - 34 - 36 - 38:select:1";34:1;VIP-0031_pink_34;;4250781848117;;49.000000;0.000000;0.00;3;1;0;1;;;0;
774;"Größe 32 - 34 - 36 - 38:select:1";40:1;VIP-0031_pink_40;;4250781848148;;49.000000;0.000000;0.00;3;0;0;0;;;0;
774;"Größe 32 - 34 - 36 - 38:select:1";38:1;VIP-0031_pink_38;;4250781848131;;49.000000;0.000000;0.00;3;0;0;0;;;0;
775;"Größe 32 - 34 - 36 - 38:select:1";36:1;VIP-0031_green_36;;4250781848162;;49.000000;0.000000;0.00;3;1;0;0;;;0;
775;"Größe 32 - 34 - 36 - 38:select:1";40:1;VIP-0031_green_40;;4250781848186;;49.000000;0.000000;0.00;3;0;0;0;;;0;
775;"Größe 32 - 34 - 36 - 38:select:1";34:1;VIP-0031_green_34;;4250781848155;;49.000000;0.000000;0.00;3;1;0;1;;;0;
775;"Größe 32 - 34 - 36 - 38:select:1";38:1;VIP-0031_green_38;;4250781848179;;49.000000;0.000000;0.00;3;0;0;0;;;0;
776;"Größe 32 - 34 - 36 - 38:select:1";34:1;VIP-0026_grey_34;;4250781847554;;41.000000;0.000000;0.00;3;1;0;1;;;0;
776;"Größe 32 - 34 - 36 - 38:select:1";36:1;VIP-0026_grey_36;;4250781847561;;41.000000;0.000000;0.00;3;1;0;0;;;0;
776;"Größe 32 - 34 - 36 - 38:select:1";40:1;VIP-0026_grey_40;;4250781847585;;41.000000;0.000000;0.00;3;0;0;0;;;0;
776;"Größe 32 - 34 - 36 - 38:select:1";38:1;VIP-0026_grey_38;;4250781847578;;41.000000;0.000000;0.00;3;0;0;0;;;0;
777;"Größe 32 - 34 - 36 - 38:select:1";36:1;VIP-0024_blue_36;;4250781847608;;41.000000;0.000000;0.00;3;1;0;0;;;0;
777;"Größe 32 - 34 - 36 - 38:select:1";40:1;VIP-0024_blue_40;;4250781847622;;41.000000;0.000000;0.00;2;0;0;0;;;0;
777;"Größe 32 - 34 - 36 - 38:select:1";38:1;VIP-0024_blue_38;;4250781847615;;41.000000;0.000000;0.00;2;0;0;0;;;0;
777;"Größe 32 - 34 - 36 - 38:select:1";34:1;VIP-0024_blue_34;;4250781847592;;41.000000;0.000000;0.00;3;1;0;1;;;0;
778;"Größe 32 - 34 - 36 - 38:select:1";38:1;VIP-0023_pink_38;;4250781847653;;41.000000;0.000000;0.00;3;0;0;0;;;0;
778;"Größe 32 - 34 - 36 - 38:select:1";36:1;VIP-0023_pink_36;;4250781847646;;41.000000;0.000000;0.00;3;1;0;0;;;0;
778;"Größe 32 - 34 - 36 - 38:select:1";34:1;VIP-0023_pink_34;;4250781847639;;41.000000;0.000000;0.00;3;1;0;1;;;0;
778;"Größe 32 - 34 - 36 - 38:select:1";40:1;VIP-0023_pink_40;;4250781847660;;41.000000;0.000000;0.00;3;0;0;0;;;0;
779;"Größe 32 - 34 - 36 - 38:select:1";36:1;VIP-0022_blue_36;;4250781847684;;41.000000;0.000000;0.00;3;1;0;0;;;0;
779;"Größe 32 - 34 - 36 - 38:select:1";40:1;VIP-0022_blue_40;;4250781847707;;41.000000;0.000000;0.00;3;0;0;0;;;0;
779;"Größe 32 - 34 - 36 - 38:select:1";38:1;VIP-0022_blue_38;;4250781847691;;41.000000;0.000000;0.00;3;0;0;0;;;0;
779;"Größe 32 - 34 - 36 - 38:select:1";34:1;VIP-0022_blue_34;;4250781847677;;41.000000;0.000000;0.00;3;1;0;1;;;0;
780;"Größe 32 - 34 - 36 - 38:select:1";36:1;VIP-0019_red_36;;4250781849848;;29.000000;0.000000;0.00;3;1;0;0;;;0;
780;"Größe 32 - 34 - 36 - 38:select:1";34:1;VIP-0019_red_34;;4250781849831;;29.000000;0.000000;0.00;3;1;0;1;;;0;
780;"Größe 32 - 34 - 36 - 38:select:1";40:1;VIP-0019_red_40;;4250781849862;;29.000000;0.000000;0.00;3;0;0;0;;;0;
780;"Größe 32 - 34 - 36 - 38:select:1";38:1;VIP-0019_red_38;;4250781849855;;29.000000;0.000000;0.00;3;0;0;0;;;0;
781;"Größe 32 - 34 - 36 - 38:select:1";36:1;VIP-0019_apricot_36;;4250781849886;;29.000000;0.000000;0.00;2;1;0;0;;;0;
781;"Größe 32 - 34 - 36 - 38:select:1";40:1;VIP-0019_apricot_40;;4250781849909;;29.000000;0.000000;0.00;3;0;0;0;;;0;
781;"Größe 32 - 34 - 36 - 38:select:1";34:1;VIP-0019_apricot_34;;4250781849879;;29.000000;0.000000;0.00;3;1;0;1;;;0;
781;"Größe 32 - 34 - 36 - 38:select:1";38:1;VIP-0019_apricot_38;;4250781849893;;29.000000;0.000000;0.00;3;0;0;0;;;0;
782;"Größe 32 - 34 - 36 - 38:select:1";36:1;VIP-0021_purple_36;;4250781847721;;39.000000;0.000000;0.00;3;1;0;0;;;0;
782;"Größe 32 - 34 - 36 - 38:select:1";40:1;VIP-0021_purple_40;;4250781847745;;39.000000;0.000000;0.00;3;0;0;0;;;0;
782;"Größe 32 - 34 - 36 - 38:select:1";38:1;VIP-0021_purple_38;;4250781847738;;39.000000;0.000000;0.00;3;0;0;0;;;0;
782;"Größe 32 - 34 - 36 - 38:select:1";34:1;VIP-0021_purple_34;;4250781847714;;39.000000;0.000000;0.00;3;1;0;1;;;0;
783;"Größe 32 - 34 - 36 - 38:select:1";38:1;VIP-0018_gold_38;;4250781847776;;59.000000;0.000000;0.00;3;0;0;0;;;0;
783;"Größe 32 - 34 - 36 - 38:select:1";36:1;VIP-0018_gold_36;;4250781847769;;59.000000;0.000000;0.00;3;1;0;0;;;0;
783;"Größe 32 - 34 - 36 - 38:select:1";40:1;VIP-0018_gold_40;;4250781847783;;59.000000;0.000000;0.00;3;0;0;0;;;0;
783;"Größe 32 - 34 - 36 - 38:select:1";34:1;VIP-0018_gold_34;;4250781847752;;59.000000;0.000000;0.00;3;1;0;1;;;0;
784;"Größe 32 - 34 - 36 - 38:select:1";36:1;VIP-0042_white_36;;4250781848681;;68.000000;0.000000;0.00;2;1;0;0;;;0;
784;"Größe 32 - 34 - 36 - 38:select:1";34:1;VIP-0042_white_34;;4250781848674;;68.000000;0.000000;0.00;3;1;0;1;;;0;
784;"Größe 32 - 34 - 36 - 38:select:1";40:1;VIP-0042_white_40;;4250781848704;;68.000000;0.000000;0.00;3;0;0;0;;;0;
784;"Größe 32 - 34 - 36 - 38:select:1";38:1;VIP-0042_white_38;;4250781848698;;68.000000;0.000000;0.00;3;0;0;0;;;0;
785;"Größe 32 - 34 - 36 - 38:select:1";36:1;VIP-0041_gold_36;;4250781849763;;50.000000;0.000000;0.00;0;1;0;0;;;0;
785;"Größe 32 - 34 - 36 - 38:select:1";40:1;VIP-0041_gold_40;;4250781849787;;50.000000;0.000000;0.00;0;0;0;0;;;0;
785;"Größe 32 - 34 - 36 - 38:select:1";38:1;VIP-0041_gold_38;;4250781849770;;50.000000;0.000000;0.00;1;0;0;0;;;0;
785;"Größe 32 - 34 - 36 - 38:select:1";34:1;VIP-0041_gold_34;;4250781849756;;50.000000;0.000000;0.00;0;1;0;1;;;0;
786;"Größe 32 - 34 - 36 - 38:select:1";36:1;VIP-0040_blue_36;;4250781847806;;49.000000;0.000000;0.00;2;1;0;0;;;0;
786;"Größe 32 - 34 - 36 - 38:select:1";34:1;VIP-0040_blue_34;;4250781847790;;49.000000;0.000000;0.00;2;1;0;1;;;0;
786;"Größe 32 - 34 - 36 - 38:select:1";40:1;VIP-0040_blue_40;;4250781847820;;49.000000;0.000000;0.00;3;0;0;0;;;0;
786;"Größe 32 - 34 - 36 - 38:select:1";38:1;VIP-0040_blue_38;;4250781847813;;49.000000;0.000000;0.00;2;0;0;0;;;0;
788;"Größe 32 - 34 - 36 - 38:select:1";36:1;VIP-0042_black_36;;4250781848728;;68.000000;0.000000;0.00;3;1;0;0;;;0;
788;"Größe 32 - 34 - 36 - 38:select:1";40:1;VIP-0042_black_40;;4250781848742;;68.000000;0.000000;0.00;3;0;0;0;;;0;
788;"Größe 32 - 34 - 36 - 38:select:1";38:1;VIP-0042_black_38;;4250781848735;;68.000000;0.000000;0.00;3;0;0;0;;;0;
788;"Größe 32 - 34 - 36 - 38:select:1";34:1;VIP-0042_black_34;;4250781848711;;68.000000;0.000000;0.00;3;1;0;1;;;0;
789;"Größe 32 - 34 - 36 - 38:select:1";36:1;VIP-0043_pink_36;;4250781849640;;39.000000;0.000000;0.00;3;1;0;0;;;0;
789;"Größe 32 - 34 - 36 - 38:select:1";40:1;VIP-0043_pink_40;;4250781849664;;39.000000;0.000000;0.00;3;0;0;0;;;0;
789;"Größe 32 - 34 - 36 - 38:select:1";38:1;VIP-0043_pink_38;;4250781849657;;39.000000;0.000000;0.00;3;0;0;0;;;0;
789;"Größe 32 - 34 - 36 - 38:select:1";34:1;VIP-0043_pink_34;;4250781849633;;39.000000;0.000000;0.00;3;1;0;1;;;0;
790;"Größe 32 - 34 - 36 - 38:select:1";36:1;VIP-0044_green_36;;4250781848766;;64.000000;0.000000;0.00;2;1;0;0;;;0;
790;"Größe 32 - 34 - 36 - 38:select:1";34:1;VIP-0044_green_34;;4250781848759;;64.000000;0.000000;0.00;2;1;0;1;;;0;
790;"Größe 32 - 34 - 36 - 38:select:1";40:1;VIP-0044_green_40;;4250781848780;;64.000000;0.000000;0.00;0;0;0;0;;;0;
790;"Größe 32 - 34 - 36 - 38:select:1";38:1;VIP-0044_green_38;;4250781848773;;64.000000;0.000000;0.00;3;0;0;0;;;0;
791;"Größe 32 - 34 - 36 - 38:select:1";36:1;VIP-0044_blue_36;;4250781848803;;64.000000;0.000000;0.00;2;1;0;0;;;0;
791;"Größe 32 - 34 - 36 - 38:select:1";34:1;VIP-0044_blue_34;;4250781848797;;64.000000;0.000000;0.00;1;1;0;1;;;0;
791;"Größe 32 - 34 - 36 - 38:select:1";40:1;VIP-0044_blue_40;;4250781848827;;64.000000;0.000000;0.00;3;0;0;0;;;0;
791;"Größe 32 - 34 - 36 - 38:select:1";38:1;VIP-0044_blue_38;;4250781848810;;64.000000;0.000000;0.00;0;0;0;0;;;0;
792;"Größe 32 - 34 - 36 - 38:select:1";36:1;VIP-0039_blue_36;;4250781847844;;54.000000;0.000000;0.00;3;1;0;0;;;0;
792;"Größe 32 - 34 - 36 - 38:select:1";40:1;VIP-0039_blue_40;;4250781847868;;54.000000;0.000000;0.00;2;0;0;0;;;0;
792;"Größe 32 - 34 - 36 - 38:select:1";38:1;VIP-0039_blue_38;;4250781847851;;54.000000;0.000000;0.00;3;0;0;0;;;0;
792;"Größe 32 - 34 - 36 - 38:select:1";34:1;VIP-0039_blue_34;;4250781847837;;54.000000;0.000000;0.00;2;1;0;1;;;0;
793;"Größe 32 - 34 - 36 - 38:select:1";36:1;VIP-0038_grey_36;;4250781848520;;39.000000;0.000000;0.00;3;1;0;0;;;0;
793;"Größe 32 - 34 - 36 - 38:select:1";34:1;VIP-0038_grey_34;;4250781848513;;39.000000;0.000000;0.00;2;1;0;1;;;0;
793;"Größe 32 - 34 - 36 - 38:select:1";40:1;VIP-0038_grey_40;;4250781848544;;39.000000;0.000000;0.00;3;0;0;0;;;0;
793;"Größe 32 - 34 - 36 - 38:select:1";38:1;VIP-0038_grey_38;;4250781848537;;39.000000;0.000000;0.00;3;0;0;0;;;0;
794;"Größe 32 - 34 - 36 - 38:select:1";36:1;VIP-0038_blue_36;;4250781848568;;39.000000;0.000000;0.00;2;1;0;0;;;0;
794;"Größe 32 - 34 - 36 - 38:select:1";34:1;VIP-0038_blue_34;;4250781848551;;39.000000;0.000000;0.00;2;1;0;1;;;0;
794;"Größe 32 - 34 - 36 - 38:select:1";40:1;VIP-0038_blue_40;;4250781848582;;39.000000;0.000000;0.00;3;0;0;0;;;0;
794;"Größe 32 - 34 - 36 - 38:select:1";38:1;VIP-0038_blue_38;;4250781848575;;39.000000;0.000000;0.00;0;0;0;0;;;0;
795;"Größe 32 - 34 - 36 - 38:select:1";36:1;VIP-0038_pink_36;;4250781848605;;39.000000;0.000000;0.00;3;1;0;0;;;0;
795;"Größe 32 - 34 - 36 - 38:select:1";34:1;VIP-0038_pink_34;;4250781848599;;39.000000;0.000000;0.00;3;1;0;1;;;0;
795;"Größe 32 - 34 - 36 - 38:select:1";40:1;VIP-0038_pink_40;;4250781848629;;39.000000;0.000000;0.00;3;0;0;0;;;0;
795;"Größe 32 - 34 - 36 - 38:select:1";38:1;VIP-0038_pink_38;;4250781848612;;39.000000;0.000000;0.00;3;0;0;0;;;0;
796;"Größe 32 - 34 - 36 - 38:select:1";36:1;VIP-0038_red_36;;4250781848643;;39.000000;0.000000;0.00;3;1;0;0;;;0;
796;"Größe 32 - 34 - 36 - 38:select:1";40:1;VIP-0038_red_40;;4250781848667;;39.000000;0.000000;0.00;3;0;0;0;;;0;
796;"Größe 32 - 34 - 36 - 38:select:1";38:1;VIP-0038_red_38;;4250781848650;;39.000000;0.000000;0.00;3;0;0;0;;;0;
796;"Größe 32 - 34 - 36 - 38:select:1";34:1;VIP-0038_red_34;;4250781848636;;39.000000;0.000000;0.00;3;1;0;1;;;0;
797;"Größe 32 - 34 - 36 - 38:select:1";36:1;VIP-0037_green_36;;4250781848445;;70.000000;0.000000;0.00;3;1;0;0;;;0;
797;"Größe 32 - 34 - 36 - 38:select:1";40:1;VIP-0037_green_40;;4250781848469;;70.000000;0.000000;0.00;3;0;0;0;;;0;
797;"Größe 32 - 34 - 36 - 38:select:1";38:1;VIP-0037_green_38;;4250781848452;;70.000000;0.000000;0.00;3;0;0;0;;;0;
797;"Größe 32 - 34 - 36 - 38:select:1";34:1;VIP-0037_green_34;;4250781848438;;70.000000;0.000000;0.00;3;1;0;1;;;0;
798;"Größe 32 - 34 - 36 - 38:select:1";36:1;VIP-0037_black_36;;4250781848483;;70.000000;0.000000;0.00;2;1;0;0;;;0;
798;"Größe 32 - 34 - 36 - 38:select:1";40:1;VIP-0037_black_40;;4250781848506;;70.000000;0.000000;0.00;3;0;0;0;;;0;
798;"Größe 32 - 34 - 36 - 38:select:1";38:1;VIP-0037_black_38;;4250781848490;;70.000000;0.000000;0.00;2;0;0;0;;;0;
798;"Größe 32 - 34 - 36 - 38:select:1";34:1;VIP-0037_black_34;;4250781848476;;70.000000;0.000000;0.00;3;1;0;1;;;0;
799;"Größe 32 - 34 - 36 - 38:select:1";36:1;VIP-0036_gold_36;;4250781848360;;60.000000;0.000000;0.00;0;1;0;0;;;0;
799;"Größe 32 - 34 - 36 - 38:select:1";34:1;VIP-0036_gold_34;;4250781848353;;60.000000;0.000000;0.00;1;1;0;1;;;0;
799;"Größe 32 - 34 - 36 - 38:select:1";40:1;VIP-0036_gold_40;;4250781848384;;60.000000;0.000000;0.00;0;0;0;0;;;0;
799;"Größe 32 - 34 - 36 - 38:select:1";38:1;VIP-0036_gold_38;;4250781848377;;60.000000;0.000000;0.00;0;0;0;0;;;0;
800;"Größe 32 - 34 - 36 - 38:select:1";36:1;VIP-0035_brown_36;;4250781847882;;47.000000;0.000000;0.00;3;1;0;0;;;0;
800;"Größe 32 - 34 - 36 - 38:select:1";34:1;VIP-0035_brown_34;;4250781847875;;47.000000;0.000000;0.00;3;1;0;1;;;0;
800;"Größe 32 - 34 - 36 - 38:select:1";40:1;VIP-0035_brown_40;;4250781847905;;47.000000;0.000000;0.00;3;0;0;0;;;0;
800;"Größe 32 - 34 - 36 - 38:select:1";38:1;VIP-0035_brown_38;;4250781847899;;47.000000;0.000000;0.00;3;0;0;0;;;0;
801;"Größe 32 - 34 - 36 - 38:select:1";36:1;VIP-0034_purple_36;;4250781848247;;39.000000;0.000000;0.00;3;1;0;0;;;0;
801;"Größe 32 - 34 - 36 - 38:select:1";40:1;VIP-0034_purple_40;;4250781848261;;39.000000;0.000000;0.00;3;0;0;0;;;0;
801;"Größe 32 - 34 - 36 - 38:select:1";38:1;VIP-0034_purple_38;;4250781848254;;39.000000;0.000000;0.00;2;0;0;0;;;0;
801;"Größe 32 - 34 - 36 - 38:select:1";34:1;VIP-0034_purple_34;;4250781848230;;39.000000;0.000000;0.00;3;1;0;1;;;0;
802;"Größe 32 - 34 - 36 - 38:select:1";36:1;VIP-0034_blue_36;;4250781848285;;39.000000;0.000000;0.00;3;1;0;0;;;0;
802;"Größe 32 - 34 - 36 - 38:select:1";40:1;VIP-0034_blue_40;;4250781848308;;39.000000;0.000000;0.00;3;0;0;0;;;0;
802;"Größe 32 - 34 - 36 - 38:select:1";38:1;VIP-0034_blue_38;;4250781848292;;39.000000;0.000000;0.00;3;0;0;0;;;0;
802;"Größe 32 - 34 - 36 - 38:select:1";34:1;VIP-0034_blue_34;;4250781848278;;39.000000;0.000000;0.00;3;1;0;1;;;0;
803;"Größe 32 - 34 - 36 - 38:select:1";36:1;VIP-0034_green_36;;4250781848322;;39.000000;0.000000;0.00;1;1;0;0;;;0;
803;"Größe 32 - 34 - 36 - 38:select:1";40:1;VIP-0034_green_40;;4250781848346;;39.000000;0.000000;0.00;3;0;0;0;;;0;
803;"Größe 32 - 34 - 36 - 38:select:1";38:1;VIP-0034_green_38;;4250781848339;;39.000000;0.000000;0.00;2;0;0;0;;;0;
803;"Größe 32 - 34 - 36 - 38:select:1";34:1;VIP-0034_green_34;;4250781848315;;39.000000;0.000000;0.00;3;1;0;1;;;0;
804;"Größe 32 - 34 - 36 - 38:select:1";36:1;VIP-0036_green_36;;4250781848407;;60.000000;0.000000;0.00;2;1;0;0;;;0;
804;"Größe 32 - 34 - 36 - 38:select:1";34:1;VIP-0036_green_34;;4250781848391;;60.000000;0.000000;0.00;2;1;0;1;;;0;
804;"Größe 32 - 34 - 36 - 38:select:1";40:1;VIP-0036_green_40;;4250781848421;;60.000000;0.000000;0.00;3;0;0;0;;;0;
804;"Größe 32 - 34 - 36 - 38:select:1";38:1;VIP-0036_green_38;;4250781848414;;60.000000;0.000000;0.00;0;0;0;0;;;0;
805;"Größe 32 - 34 - 36 - 38:select:1";36:1;VIP-0049_yellow_36;;4250781849121;;45.000000;0.000000;0.00;3;1;0;0;;;0;
805;"Größe 32 - 34 - 36 - 38:select:1";40:1;VIP-0049_yellow_40;;4250781849145;;45.000000;0.000000;0.00;3;0;0;0;;;0;
805;"Größe 32 - 34 - 36 - 38:select:1";38:1;VIP-0049_yellow_38;;4250781849138;;45.000000;0.000000;0.00;3;0;0;0;;;0;
805;"Größe 32 - 34 - 36 - 38:select:1";34:1;VIP-0049_yellow_34;;4250781849114;;45.000000;0.000000;0.00;3;1;0;1;;;0;
806;"Größe 32 - 34 - 36 - 38:select:1";36:1;VIP-0045_grey_36;;4250781848889;;41.000000;0.000000;0.00;3;1;0;0;;;0;
806;"Größe 32 - 34 - 36 - 38:select:1";40:1;VIP-0045_grey_40;;4250781848902;;41.000000;0.000000;0.00;3;0;0;0;;;0;
806;"Größe 32 - 34 - 36 - 38:select:1";38:1;VIP-0045_grey_38;;4250781848896;;41.000000;0.000000;0.00;3;0;0;0;;;0;
806;"Größe 32 - 34 - 36 - 38:select:1";34:1;VIP-0045_grey_34;;4250781848872;;41.000000;0.000000;0.00;3;1;0;1;;;0;
807;"Größe 32 - 34 - 36 - 38:select:1";36:1;VIP-0049_blue_36;;4250781849169;;50.000000;0.000000;0.00;3;1;0;0;;;0;
807;"Größe 32 - 34 - 36 - 38:select:1";40:1;VIP-0049_blue_40;;4250781849183;;50.000000;0.000000;0.00;3;0;0;0;;;0;
807;"Größe 32 - 34 - 36 - 38:select:1";38:1;VIP-0049_blue_38;;4250781849176;;50.000000;0.000000;0.00;3;0;0;0;;;0;
807;"Größe 32 - 34 - 36 - 38:select:1";34:1;VIP-0049_blue_34;;4250781849152;;50.000000;0.000000;0.00;3;1;0;1;;;0;
808;"Größe 32 - 34 - 36 - 38:select:1";36:1;VIP-0048_purple_36;;4250781849084;;50.000000;0.000000;0.00;3;1;0;0;;;0;
808;"Größe 32 - 34 - 36 - 38:select:1";40:1;VIP-0048_purple_40;;4250781849107;;50.000000;0.000000;0.00;3;0;0;0;;;0;
808;"Größe 32 - 34 - 36 - 38:select:1";38:1;VIP-0048_purple_38;;4250781849091;;50.000000;0.000000;0.00;3;0;0;0;;;0;
808;"Größe 32 - 34 - 36 - 38:select:1";34:1;VIP-0048_purple_34;;4250781849077;;50.000000;0.000000;0.00;3;1;0;1;;;0;
809;"Größe 32 - 34 - 36 - 38:select:1";36:1;VIP-0047_pink_36;;4250781849008;;44.000000;0.000000;0.00;3;1;0;0;;;0;
809;"Größe 32 - 34 - 36 - 38:select:1";40:1;VIP-0047_pink_40;;4250781849022;;44.000000;0.000000;0.00;3;0;0;0;;;0;
809;"Größe 32 - 34 - 36 - 38:select:1";38:1;VIP-0047_pink_38;;4250781849015;;44.000000;0.000000;0.00;3;0;0;0;;;0;
809;"Größe 32 - 34 - 36 - 38:select:1";34:1;VIP-0047_pink_34;;4250781848995;;44.000000;0.000000;0.00;3;1;0;1;;;0;
810;"Größe 32 - 34 - 36 - 38:select:1";36:1;VIP-0047_grey_36;;4250781849046;;44.000000;0.000000;0.00;2;1;0;0;;;0;
810;"Größe 32 - 34 - 36 - 38:select:1";40:1;VIP-0047_grey_40;;4250781849060;;44.000000;0.000000;0.00;3;0;0;0;;;0;
810;"Größe 32 - 34 - 36 - 38:select:1";38:1;VIP-0047_grey_38;;4250781849053;;44.000000;0.000000;0.00;3;0;0;0;;;0;
810;"Größe 32 - 34 - 36 - 38:select:1";34:1;VIP-0047_grey_34;;4250781849039;;44.000000;0.000000;0.00;3;1;0;1;;;0;
811;"Größe 32 - 34 - 36 - 38:select:1";36:1;VIP-0046_champagne_36;;4250781848926;;41.000000;0.000000;0.00;3;1;0;0;;;0;
811;"Größe 32 - 34 - 36 - 38:select:1";40:1;VIP-0046_champagne_40;;4250781848940;;41.000000;0.000000;0.00;3;0;0;0;;;0;
811;"Größe 32 - 34 - 36 - 38:select:1";38:1;VIP-0046_champagne_38;;4250781848933;;41.000000;0.000000;0.00;3;0;0;0;;;0;
811;"Größe 32 - 34 - 36 - 38:select:1";34:1;VIP-0046_champagne_34;;4250781848919;;41.000000;0.000000;0.00;3;1;0;1;;;0;
812;"Größe 32 - 34 - 36 - 38:select:1";36:1;VIP-0046_blue_36;;4250781848964;;41.000000;0.000000;0.00;3;1;0;0;;;0;
812;"Größe 32 - 34 - 36 - 38:select:1";40:1;VIP-0046_blue_40;;4250781848988;;41.000000;0.000000;0.00;3;0;0;0;;;0;
812;"Größe 32 - 34 - 36 - 38:select:1";38:1;VIP-0046_blue_38;;4250781848971;;41.000000;0.000000;0.00;3;0;0;0;;;0;
812;"Größe 32 - 34 - 36 - 38:select:1";34:1;VIP-0046_blue_34;;4250781848957;;41.000000;0.000000;0.00;2;1;0;1;;;0;
813;"Größe 32 - 34 - 36 - 38:select:1";36:1;VIP-0048_pink_36;;;;50.000000;0.000000;0.00;3;1;0;0;;;0;
813;"Größe 32 - 34 - 36 - 38:select:1";40:1;VIP-0048_pink_40;;;;50.000000;0.000000;0.00;3;0;0;0;;;0;
813;"Größe 32 - 34 - 36 - 38:select:1";38:1;VIP-0048_pink_38;;;;50.000000;0.000000;0.00;3;0;0;0;;;0;
813;"Größe 32 - 34 - 36 - 38:select:1";34:1;VIP-0048_pink_34;;;;50.000000;0.000000;0.00;3;1;0;1;;;0;
814;"Größe 32 - 34 - 36 - 38:select:1";36:1;VIP-0055_grey_36;;4250781847929;;78.000000;0.000000;0.00;3;1;0;0;;;0;
814;"Größe 32 - 34 - 36 - 38:select:1";40:1;VIP-0055_grey_40;;4250781847943;;78.000000;0.000000;0.00;3;0;0;0;;;0;
814;"Größe 32 - 34 - 36 - 38:select:1";38:1;VIP-0055_grey_38;;4250781847936;;78.000000;0.000000;0.00;3;0;0;0;;;0;
814;"Größe 32 - 34 - 36 - 38:select:1";34:1;VIP-0055_grey_34;;4250781847912;;0.000000;0.000000;0.00;3;1;0;1;;;0;
815;"Größe 32 - 34 - 36 - 38:select:1";36:1;VIP-0056_green_36;;4250781849527;;46.000000;0.000000;0.00;3;1;0;0;;;0;
815;"Größe 32 - 34 - 36 - 38:select:1";40:1;VIP-0056_green_40;;4250781849541;;46.000000;0.000000;0.00;2;0;0;0;;;0;
815;"Größe 32 - 34 - 36 - 38:select:1";38:1;VIP-0056_green_38;;4250781849534;;46.000000;0.000000;0.00;3;0;0;0;;;0;
815;"Größe 32 - 34 - 36 - 38:select:1";34:1;VIP-0056_green_34;;4250781849510;;46.000000;0.000000;0.00;3;1;0;1;;;0;
816;"Größe 32 - 34 - 36 - 38:select:1";36:1;VIP-0050_blue_36;;4250781849206;;44.000000;0.000000;0.00;3;1;0;0;;;0;
816;"Größe 32 - 34 - 36 - 38:select:1";40:1;VIP-0050_blue_40;;4250781849220;;44.000000;0.000000;0.00;3;0;0;0;;;0;
816;"Größe 32 - 34 - 36 - 38:select:1";38:1;VIP-0050_blue_38;;4250781849213;;44.000000;0.000000;0.00;3;0;0;0;;;0;
816;"Größe 32 - 34 - 36 - 38:select:1";34:1;VIP-0050_blue_34;;4250781849190;;44.000000;0.000000;0.00;3;1;0;1;;;0;
817;"Größe 32 - 34 - 36 - 38:select:1";36:1;VIP-0056_champagne_36;;4250781849565;;46.000000;0.000000;0.00;3;1;0;0;;;0;
817;"Größe 32 - 34 - 36 - 38:select:1";40:1;VIP-0056_champagne_40;;4250781849589;;46.000000;0.000000;0.00;2;0;0;0;;;0;
817;"Größe 32 - 34 - 36 - 38:select:1";38:1;VIP-0056_champagne_38;;4250781849572;;46.000000;0.000000;0.00;2;0;0;0;;;0;
817;"Größe 32 - 34 - 36 - 38:select:1";34:1;VIP-0056_champagne_34;;4250781849558;;46.000000;0.000000;0.00;2;1;0;1;;;0;
818;"Größe 32 - 34 - 36 - 38:select:1";36:1;VIP-0013_green_36;;4250781848209;;32.000000;0.000000;0.00;2;1;0;0;;;0;
818;"Größe 32 - 34 - 36 - 38:select:1";40:1;VIP-0013_green_40;;4250781848223;;32.000000;0.000000;0.00;3;0;0;0;;;0;
818;"Größe 32 - 34 - 36 - 38:select:1";38:1;VIP-0013_green_38;;4250781848216;;32.000000;0.000000;0.00;3;0;0;0;;;0;
818;"Größe 32 - 34 - 36 - 38:select:1";34:1;VIP-0013_green_34;;4250781848193;;32.000000;0.000000;0.00;2;1;0;1;;;0;
819;"Größe 32 - 34 - 36 - 38:select:1";36:1;VIP-0054_blue_36;;4250781849923;;57.000000;0.000000;0.00;3;1;0;0;;;0;
819;"Größe 32 - 34 - 36 - 38:select:1";40:1;VIP-0054_blue_40;;4250781849947;;57.000000;0.000000;0.00;1;0;0;0;;;0;
819;"Größe 32 - 34 - 36 - 38:select:1";38:1;VIP-0054_blue_38;;4250781849930;;57.000000;0.000000;0.00;3;0;0;0;;;0;
819;"Größe 32 - 34 - 36 - 38:select:1";34:1;VIP-0054_blue_34;;4250781849916;;57.000000;0.000000;0.00;3;1;0;1;;;0;
820;"Größe 32 - 34 - 36 - 38:select:1";36:1;VIP-0054_green_36;;4250781849442;;57.000000;0.000000;0.00;3;1;0;0;;;0;
820;"Größe 32 - 34 - 36 - 38:select:1";40:1;VIP-0054_green_40;;4250781849466;;57.000000;0.000000;0.00;3;0;0;0;;;0;
820;"Größe 32 - 34 - 36 - 38:select:1";38:1;VIP-0054_green_38;;4250781849459;;57.000000;0.000000;0.00;3;0;0;0;;;0;
820;"Größe 32 - 34 - 36 - 38:select:1";34:1;VIP-0054_green_34;;4250781849435;;57.000000;0.000000;0.00;3;1;0;1;;;0;
821;"Größe 32 - 34 - 36 - 38:select:1";36:1;VIP-0054_red_36;;4250781849480;;57.000000;0.000000;0.00;2;1;0;0;;;0;
821;"Größe 32 - 34 - 36 - 38:select:1";40:1;VIP-0054_red_40;;4250781849503;;57.000000;0.000000;0.00;2;0;0;0;;;0;
821;"Größe 32 - 34 - 36 - 38:select:1";38:1;VIP-0054_red_38;;4250781849497;;57.000000;0.000000;0.00;3;0;0;0;;;0;
821;"Größe 32 - 34 - 36 - 38:select:1";34:1;VIP-0054_red_34;;4250781849473;;57.000000;0.000000;0.00;2;1;0;1;;;0;
822;"Größe 32 - 34 - 36 - 38:select:1";36:1;VIP-0053_black_36;;4250781849367;;58.000000;0.000000;0.00;2;1;0;0;;;0;
822;"Größe 32 - 34 - 36 - 38:select:1";40:1;VIP-0053_black_40;;4250781849381;;58.000000;0.000000;0.00;2;0;0;0;;;0;
822;"Größe 32 - 34 - 36 - 38:select:1";38:1;VIP-0053_black_38;;4250781849374;;58.000000;0.000000;0.00;3;0;0;0;;;0;
822;"Größe 32 - 34 - 36 - 38:select:1";34:1;VIP-0053_black_34;;4250781849350;;58.000000;0.000000;0.00;3;1;0;1;;;0;
823;"Größe 32 - 34 - 36 - 38:select:1";36:1;VIP-0052_taupe_36;;4250781849282;;59.000000;0.000000;0.00;3;1;0;0;;;0;
823;"Größe 32 - 34 - 36 - 38:select:1";40:1;VIP-0052_taupe_40;;4250781849305;;59.000000;0.000000;0.00;3;0;0;0;;;0;
823;"Größe 32 - 34 - 36 - 38:select:1";38:1;VIP-0052_taupe_38;;4250781849299;;59.000000;0.000000;0.00;3;0;0;0;;;0;
823;"Größe 32 - 34 - 36 - 38:select:1";34:1;VIP-0052_taupe_34;;4250781849275;;59.000000;0.000000;0.00;3;1;0;1;;;0;
824;"Größe 32 - 34 - 36 - 38:select:1";36:1;VIP-0052_gold_36;;4250781849329;;59.000000;0.000000;0.00;3;1;0;0;;;0;
824;"Größe 32 - 34 - 36 - 38:select:1";40:1;VIP-0052_gold_40;;4250781849343;;59.000000;0.000000;0.00;3;0;0;0;;;0;
824;"Größe 32 - 34 - 36 - 38:select:1";38:1;VIP-0052_gold_38;;4250781849336;;59.000000;0.000000;0.00;3;0;0;0;;;0;
824;"Größe 32 - 34 - 36 - 38:select:1";34:1;VIP-0052_gold_34;;4250781849312;;59.000000;0.000000;0.00;3;1;0;1;;;0;
825;"Größe 32 - 34 - 36 - 38:select:1";36:1;VIP-0051_greyblue_36;;;;43.000000;0.000000;0.00;3;1;0;0;;;0;
825;"Größe 32 - 34 - 36 - 38:select:1";40:1;VIP-0051_greyblue_40;;;;43.000000;0.000000;0.00;3;0;0;0;;;0;
825;"Größe 32 - 34 - 36 - 38:select:1";38:1;VIP-0051_greyblue_38;;;;43.000000;0.000000;0.00;3;0;0;0;;;0;
825;"Größe 32 - 34 - 36 - 38:select:1";34:1;VIP-0051_greyblue_34;;;;43.000000;0.000000;0.00;3;1;0;1;;;0;
826;"Größe 32 - 34 - 36 - 38:select:1";36:1;VIP-0050_taupe_36;;4250781849244;;44.000000;0.000000;0.00;3;1;0;0;;;0;
826;"Größe 32 - 34 - 36 - 38:select:1";40:1;VIP-0050_taupe_40;;4250781849268;;44.000000;0.000000;0.00;3;0;0;0;;;0;
826;"Größe 32 - 34 - 36 - 38:select:1";38:1;VIP-0050_taupe_38;;4250781849251;;44.000000;0.000000;0.00;3;0;0;0;;;0;
826;"Größe 32 - 34 - 36 - 38:select:1";34:1;VIP-0050_taupe_34;;4250781849237;;44.000000;0.000000;0.00;3;1;0;1;;;0;
827;"Größe 32 - 34 - 36 - 38:select:1";36:1;VIP-0053_beige_36;;4250781849404;;58.000000;0.000000;0.00;3;1;0;0;;;0;
827;"Größe 32 - 34 - 36 - 38:select:1";40:1;VIP-0053_beige_40;;4250781849428;;58.000000;0.000000;0.00;3;0;0;0;;;0;
827;"Größe 32 - 34 - 36 - 38:select:1";38:1;VIP-0053_beige_38;;4250781849411;;58.000000;0.000000;0.00;3;0;0;0;;;0;
827;"Größe 32 - 34 - 36 - 38:select:1";34:1;VIP-0053_beige_34;;4250781849398;;58.000000;0.000000;0.00;3;1;0;1;;;0;
828;"Größe 32 - 34 - 36 - 38:select:1";34:1;VIP-0025_pink_34;;4250781849596;;36.000000;0.000000;0.00;3;1;0;1;;;0;
828;"Größe 32 - 34 - 36 - 38:select:1";36:1;VIP-0025_pink_36;;4250781849602;;36.000000;0.000000;0.00;3;1;0;0;;;0;
828;"Größe 32 - 34 - 36 - 38:select:1";40:1;VIP-0025_pink_40;;4250781849626;;36.000000;0.000000;0.00;3;0;0;0;;;0;
828;"Größe 32 - 34 - 36 - 38:select:1";38:1;VIP-0025_pink_38;;4250781849619;;36.000000;0.000000;0.00;3;0;0;0;;;0;
829;"Größe 32 - 34 - 36 - 38:select:1";36:1;VIP-0032_pink_36;;;;49.000000;0.000000;0.00;3;1;0;0;;;0;
829;"Größe 32 - 34 - 36 - 38:select:1";34:1;VIP-0032_pink_34;;;;49.000000;0.000000;0.00;3;1;0;1;;;0;
829;"Größe 32 - 34 - 36 - 38:select:1";40:1;VIP-0032_pink_40;;;;49.000000;0.000000;0.00;3;0;0;0;;;0;
829;"Größe 32 - 34 - 36 - 38:select:1";38:1;VIP-0032_pink_38;;;;49.000000;0.000000;0.00;3;0;0;0;;;0;
830;"Größe 32 - 34 - 36 - 38:select:1";36:1;VIP-0043_green_36;;4250781849688;;39.000000;0.000000;0.00;3;1;0;0;;;0;
830;"Größe 32 - 34 - 36 - 38:select:1";40:1;VIP-0043_green_40;;4250781849701;;39.000000;0.000000;0.00;3;0;0;0;;;0;
830;"Größe 32 - 34 - 36 - 38:select:1";38:1;VIP-0043_green_38;;4250781849695;;39.000000;0.000000;0.00;3;0;0;0;;;0;
830;"Größe 32 - 34 - 36 - 38:select:1";34:1;VIP-0043_green_34;;4250781849671;;39.000000;0.000000;0.00;3;1;0;1;;;0;
831;"Größe 32 - 34 - 36 - 38:select:1";36:1;VIP-0051_champagner_36;;4250781849725;;43.000000;0.000000;0.00;3;1;0;0;;;0;
831;"Größe 32 - 34 - 36 - 38:select:1";40:1;VIP-0051_champagner_40;;4250781849749;;43.000000;0.000000;0.00;3;0;0;0;;;0;
831;"Größe 32 - 34 - 36 - 38:select:1";38:1;VIP-0051_champagner_38;;4250781849732;;43.000000;0.000000;0.00;3;0;0;0;;;0;
831;"Größe 32 - 34 - 36 - 38:select:1";34:1;VIP-0051_champagner_34;;4250781849718;;43.000000;0.000000;0.00;1;1;0;1;;;0;
832;"Größe 32 - 34 - 36 - 38:select:1";34:1;VIP-5014_black_S;;;;29.500000;0.000000;0.00;5;1;0;1;;;0;
832;"Größe 32 - 34 - 36 - 38:select:1";38:1;VIP-5014_black_M;;;;29.500000;0.000000;0.00;6;1;0;0;;;0;
832;"Größe 32 - 34 - 36 - 38:select:1";42:1;VIP-5014_black_L;;;;29.500000;0.000000;0.00;5;0;0;0;;;0;
833;"Größe 32 - 34 - 36 - 38:select:1";38:1;VIP-5014_green_M;;;;29.500000;0.000000;0.00;5;1;0;0;;;0;
833;"Größe 32 - 34 - 36 - 38:select:1";42:1;VIP-5014_green_L;;;;29.500000;0.000000;0.00;5;0;0;0;;;0;
833;"Größe 32 - 34 - 36 - 38:select:1";34:1;VIP-5014_green_S;;;;29.500000;0.000000;0.00;5;1;0;1;;;0;
834;"Größe 32 - 34 - 36 - 38:select:1";42:1;VIP-5014_red_L;;;;29.500000;0.000000;0.00;5;1;0;0;;;0;
834;"Größe 32 - 34 - 36 - 38:select:1";38:1;VIP-5014_red_M;;;;29.500000;0.000000;0.00;6;0;0;0;;;0;
834;"Größe 32 - 34 - 36 - 38:select:1";34:1;VIP-5014_red_S;;;;29.500000;0.000000;0.00;5;1;0;1;;;0;
835;"Größe 32 - 34 - 36 - 38:select:1";38:1;VIP-5014_blue_M;;;;29.500000;0.000000;0.00;6;1;0;0;;;0;
835;"Größe 32 - 34 - 36 - 38:select:1";42:1;VIP-5014_blue_L;;;;29.500000;0.000000;0.00;5;0;0;0;;;0;
835;"Größe 32 - 34 - 36 - 38:select:1";34:1;VIP-5014_blue_S;;;;29.500000;0.000000;0.00;5;1;0;1;;;0;
836;"Größe 32 - 34 - 36 - 38:select:1";38:1;VIP-5014_gold_M;;;;29.500000;0.000000;0.00;6;1;0;0;;;0;
836;"Größe 32 - 34 - 36 - 38:select:1";42:1;VIP-5014_gold_L;;;;29.500000;0.000000;0.00;5;0;0;0;;;0;
836;"Größe 32 - 34 - 36 - 38:select:1";34:1;VIP-5014_gold_S;;;;29.500000;0.000000;0.00;5;1;0;1;;;0;
837;"Größe 32 - 34 - 36 - 38:select:1";38:1;VIP-5015_silver_M;;;;29.500000;0.000000;0.00;5;1;0;0;;;0;
837;"Größe 32 - 34 - 36 - 38:select:1";42:1;VIP-5015_silver_L;;;;29.500000;0.000000;0.00;5;0;0;0;;;0;
837;"Größe 32 - 34 - 36 - 38:select:1";34:1;VIP-5015_silver_S;;;;29.500000;0.000000;0.00;5;1;0;1;;;0;
838;"Größe 32 - 34 - 36 - 38:select:1";38:1;VIP-5015_grey_M;;;;43.000000;0.000000;0.00;6;1;0;0;;;0;
838;"Größe 32 - 34 - 36 - 38:select:1";42:1;VIP-5015_grey_L;;;;43.000000;0.000000;0.00;5;0;0;0;;;0;
838;"Größe 32 - 34 - 36 - 38:select:1";34:1;VIP-5015_grey_S;;;;43.000000;0.000000;0.00;5;1;0;1;;;0;
839;"Größe 32 - 34 - 36 - 38:select:1";38:1;VIP-5015_apricot_M;;;;43.000000;0.000000;0.00;6;1;0;0;;;0;
839;"Größe 32 - 34 - 36 - 38:select:1";42:1;VIP-5015_apricot_L;;;;43.000000;0.000000;0.00;4;0;0;0;;;0;
839;"Größe 32 - 34 - 36 - 38:select:1";34:1;VIP-5015_apricot_S;;;;43.000000;0.000000;0.00;6;1;0;1;;;0;
840;"Größe 32 - 34 - 36 - 38:select:1";36:1;VIP-5016_champagner_M;;4250781840593;;25.500000;0.000000;0.00;4;1;0;0;;;0;
840;"Größe 32 - 34 - 36 - 38:select:1";38:1;VIP-5016_champagner_L;;4250781840609;;25.500000;0.000000;0.00;3;0;0;0;;;0;
840;"Größe 32 - 34 - 36 - 38:select:1";34:1;VIP-5016_champagner_S;;4250781840586;;25.500000;0.000000;0.00;5;1;0;1;;;0;
841;"Größe 32 - 34 - 36 - 38:select:1";36:1;VIP-5016_red_M;;4250781840623;;25.500000;0.000000;0.00;2;1;0;0;;;0;
841;"Größe 32 - 34 - 36 - 38:select:1";38:1;VIP-5016_red_L;;4250781840630;;25.500000;0.000000;0.00;2;0;0;0;;;0;
841;"Größe 32 - 34 - 36 - 38:select:1";34:1;VIP-5016_red_S;;4250781840616;;25.500000;0.000000;0.00;3;1;0;1;;;0;
842;"Größe 32 - 34 - 36 - 38:select:1";36:1;VIP-5016_beige_M;;4250781840654;;25.500000;0.000000;0.00;0;1;0;0;;;0;
842;"Größe 32 - 34 - 36 - 38:select:1";38:1;VIP-5016_beige_L;;4250781840661;;25.500000;0.000000;0.00;1;0;0;0;;;0;
842;"Größe 32 - 34 - 36 - 38:select:1";34:1;VIP-5016_beige_S;;4250781840647;;25.500000;0.000000;0.00;1;1;0;1;;;0;
843;"Größe 32 - 34 - 36 - 38:select:1";38:1;VIP-5016_purple_L;;4250781840692;;25.500000;0.000000;0.00;4;0;0;0;;;0;
843;"Größe 32 - 34 - 36 - 38:select:1";36:1;VIP-5016_purple_M;;4250781840685;;25.500000;0.000000;0.00;5;1;0;0;;;0;
843;"Größe 32 - 34 - 36 - 38:select:1";34:1;VIP-5016_purple_S;;4250781840678;;25.500000;0.000000;0.00;5;1;0;1;;;0;
844;"Größe 32 - 34 - 36 - 38:select:1";38:1;VIP-5017_blue_L;;4250781840722;;26.000000;0.000000;0.00;6;0;0;0;;;0;
844;"Größe 32 - 34 - 36 - 38:select:1";36:1;VIP-5017_blue_M;;4250781840715;;26.000000;0.000000;0.00;3;1;0;0;;;0;
844;"Größe 32 - 34 - 36 - 38:select:1";34:1;VIP-5017_blue_S;;4250781840708;;26.000000;0.000000;0.00;4;1;0;1;;;0;
845;"Größe 32 - 34 - 36 - 38:select:1";38:1;VIP-5017_beige_L;;4250781840753;;26.000000;0.000000;0.00;5;0;0;0;;;0;
845;"Größe 32 - 34 - 36 - 38:select:1";36:1;VIP-5017_beige_M;;4250781840746;;26.000000;0.000000;0.00;4;1;0;0;;;0;
845;"Größe 32 - 34 - 36 - 38:select:1";34:1;VIP-5017_beige_S;;4250781840739;;26.000000;0.000000;0.00;5;1;0;1;;;0;
846;"Größe 32 - 34 - 36 - 38:select:1";38:1;VIP-5017_red_L;;4250781840784;;26.000000;0.000000;0.00;5;0;0;0;;;0;
846;"Größe 32 - 34 - 36 - 38:select:1";36:1;VIP-5017_red_M;;4250781840777;;26.000000;0.000000;0.00;5;1;0;0;;;0;
846;"Größe 32 - 34 - 36 - 38:select:1";34:1;VIP-5017_red_S;;4250781840760;;26.000000;0.000000;0.00;5;1;0;1;;;0;
847;"Größe 32 - 34 - 36 - 38:select:1";38:1;VIP-5017_black_L;;4250781840814;;26.000000;0.000000;0.00;5;0;0;0;;;0;
847;"Größe 32 - 34 - 36 - 38:select:1";36:1;VIP-5017_black_M;;4250781840807;;26.000000;0.000000;0.00;5;1;0;0;;;0;
847;"Größe 32 - 34 - 36 - 38:select:1";34:1;VIP-5017_black_S;;4250781840791;;26.000000;0.000000;0.00;5;1;0;1;;;0;
848;"Größe 32 - 34 - 36 - 38:select:1";38:1;VIP-5018_red_L;;4250781840845;;25.500000;0.000000;0.00;2;0;0;0;;;0;
848;"Größe 32 - 34 - 36 - 38:select:1";36:1;VIP-5018_red_M;;4250781840838;;25.500000;0.000000;0.00;5;1;0;0;;;0;
848;"Größe 32 - 34 - 36 - 38:select:1";34:1;VIP-5018_red_S;;4250781840821;;25.500000;0.000000;0.00;4;1;0;1;;;0;
849;"Größe 32 - 34 - 36 - 38:select:1";38:1;VIP-5018_beige_L;;4250781840876;;25.500000;0.000000;0.00;5;0;0;0;;;0;
849;"Größe 32 - 34 - 36 - 38:select:1";36:1;VIP-5018_beige_M;;4250781840869;;25.500000;0.000000;0.00;4;1;0;0;;;0;
849;"Größe 32 - 34 - 36 - 38:select:1";34:1;VIP-5018_beige_S;;4250781840852;;25.500000;0.000000;0.00;5;1;0;1;;;0;
850;"Größe 32 - 34 - 36 - 38:select:1";38:1;VIP-5018_purple_L;;4250781840906;;25.500000;0.000000;0.00;4;0;0;0;;;0;
850;"Größe 32 - 34 - 36 - 38:select:1";36:1;VIP-5018_purple_M;;4250781840890;;25.500000;0.000000;0.00;0;1;0;0;;;0;
850;"Größe 32 - 34 - 36 - 38:select:1";34:1;VIP-5018_purple_S;;4250781840883;;25.500000;0.000000;0.00;5;1;0;1;;;0;
851;"Größe 32 - 34 - 36 - 38:select:1";38:1;VIP-5018_black_L;;4250781840937;;25.500000;0.000000;0.00;3;0;0;0;;;0;
851;"Größe 32 - 34 - 36 - 38:select:1";36:1;VIP-5018_black_M;;4250781840920;;25.500000;0.000000;0.00;6;1;0;0;;;0;
851;"Größe 32 - 34 - 36 - 38:select:1";34:1;VIP-5018_black_S;;4250781840913;;25.500000;0.000000;0.00;4;1;0;1;;;0;
852;"Größe 32 - 34 - 36 - 38:select:1";38:1;VIP-5019_beige_L;;4250781840968;;25.000000;0.000000;0.00;4;0;0;0;;;0;
852;"Größe 32 - 34 - 36 - 38:select:1";36:1;VIP-5019_beige_M;;4250781840951;;25.000000;0.000000;0.00;4;1;0;0;;;0;
852;"Größe 32 - 34 - 36 - 38:select:1";34:1;VIP-5019_beige_S;;4250781840944;;25.000000;0.000000;0.00;3;1;0;1;;;0;
853;"Größe 32 - 34 - 36 - 38:select:1";38:1;VIP-5019_black_L;;4250781840999;;25.000000;0.000000;0.00;5;0;0;0;;;0;
853;"Größe 32 - 34 - 36 - 38:select:1";36:1;VIP-5019_black_M;;4250781840982;;25.000000;0.000000;0.00;5;1;0;0;;;0;
853;"Größe 32 - 34 - 36 - 38:select:1";34:1;VIP-5019_black_S;;4250781840975;;25.000000;0.000000;0.00;4;1;0;1;;;0;
854;"Größe 32 - 34 - 36 - 38:select:1";38:1;VIP-5019_purple_L;;4250781841026;;25.000000;0.000000;0.00;5;0;0;0;;;0;
854;"Größe 32 - 34 - 36 - 38:select:1";36:1;VIP-5019_purple_M;;4250781841019;;25.000000;0.000000;0.00;5;1;0;0;;;0;
854;"Größe 32 - 34 - 36 - 38:select:1";34:1;VIP-5019_purple_S;;4250781841002;;25.000000;0.000000;0.00;4;1;0;1;;;0;
855;"Größe 32 - 34 - 36 - 38:select:1";38:1;VIP-5019_red_L;;4250781841057;;25.000000;0.000000;0.00;5;0;0;0;;;0;
855;"Größe 32 - 34 - 36 - 38:select:1";36:1;VIP-5019_red_M;;4250781841040;;25.000000;0.000000;0.00;5;1;0;0;;;0;
855;"Größe 32 - 34 - 36 - 38:select:1";34:1;VIP-5019_red_S;;4250781841033;;25.000000;0.000000;0.00;6;1;0;1;;;0;
856;"Größe 32 - 34 - 36 - 38:select:1";38:1;VIP-5020_black_L;;4250781841088;;25.500000;0.000000;0.00;5;0;0;0;;;0;
856;"Größe 32 - 34 - 36 - 38:select:1";36:1;VIP-5020_black_M;;4250781841071;;25.500000;0.000000;0.00;4;1;0;0;;;0;
856;"Größe 32 - 34 - 36 - 38:select:1";34:1;VIP-5020_black_S;;4250781841064;;25.500000;0.000000;0.00;4;1;0;1;;;0;
857;"Größe 32 - 34 - 36 - 38:select:1";38:1;VIP-5020_green_L;;4250781841118;;25.500000;0.000000;0.00;3;0;0;0;;;0;
857;"Größe 32 - 34 - 36 - 38:select:1";36:1;VIP-5020_green_M;;4250781841101;;25.500000;0.000000;0.00;6;1;0;0;;;0;
857;"Größe 32 - 34 - 36 - 38:select:1";34:1;VIP-5020_green_S;;4250781841095;;25.500000;0.000000;0.00;3;1;0;1;;;0;
858;"Größe 32 - 34 - 36 - 38:select:1";38:1;VIP-5020_pink_L;;4250781841149;;25.500000;0.000000;0.00;4;0;0;0;;;0;
858;"Größe 32 - 34 - 36 - 38:select:1";36:1;VIP-5020_pink_M;;4250781841132;;25.500000;0.000000;0.00;4;1;0;0;;;0;
858;"Größe 32 - 34 - 36 - 38:select:1";34:1;VIP-5020_pink_S;;4250781841125;;25.500000;0.000000;0.00;2;1;0;1;;;0;
859;"Größe 32 - 34 - 36 - 38:select:1";38:1;"VIP-5020_light green_L";;4250781841170;;25.500000;0.000000;0.00;4;0;0;0;;;0;
859;"Größe 32 - 34 - 36 - 38:select:1";36:1;"VIP-5020_light green_M";;4250781841163;;25.500000;0.000000;0.00;4;1;0;0;;;0;
859;"Größe 32 - 34 - 36 - 38:select:1";34:1;"VIP-5020_light green_S";;4250781841156;;25.500000;0.000000;0.00;2;1;0;1;;;0;
860;"Größe 32 - 34 - 36 - 38:select:1";42:1;VIP-5021_gold_L;;;;27.500000;0.000000;0.00;5;0;0;0;;;0;
860;"Größe 32 - 34 - 36 - 38:select:1";38:1;VIP-5021_gold_M;;;;27.500000;0.000000;0.00;4;1;0;0;;;0;
860;"Größe 32 - 34 - 36 - 38:select:1";34:1;VIP-5021_gold_S;;;;27.500000;0.000000;0.00;5;1;0;1;;;0;
861;"Größe 32 - 34 - 36 - 38:select:1";42:1;VIP-5021_silver_L;;;;27.500000;0.000000;0.00;5;0;0;0;;;0;
861;"Größe 32 - 34 - 36 - 38:select:1";38:1;VIP-5021_silver_M;;;;27.500000;0.000000;0.00;4;1;0;0;;;0;
861;"Größe 32 - 34 - 36 - 38:select:1";34:1;VIP-5021_silver_S;;;;27.500000;0.000000;0.00;5;1;0;1;;;0;
862;"Größe 32 - 34 - 36 - 38:select:1";42:1;"VIP-5021_black and gold_L";;;;27.500000;0.000000;0.00;5;0;0;0;;;0;
862;"Größe 32 - 34 - 36 - 38:select:1";38:1;"VIP-5021_black and gold_M";;;;27.500000;0.000000;0.00;5;1;0;0;;;0;
862;"Größe 32 - 34 - 36 - 38:select:1";34:1;"VIP-5021_black and gold_S";;;;27.500000;0.000000;0.00;5;1;0;1;;;0;
863;"Größe 32 - 34 - 36 - 38:select:1";42:1;VIP-5021_green_L;;;;27.500000;0.000000;0.00;2;0;0;0;;;0;
863;"Größe 32 - 34 - 36 - 38:select:1";38:1;VIP-5021_green_M;;;;27.500000;0.000000;0.00;4;1;0;0;;;0;
863;"Größe 32 - 34 - 36 - 38:select:1";34:1;VIP-5021_green_S;;;;27.500000;0.000000;0.00;5;1;0;1;;;0;
864;"Größe 32 - 34 - 36 - 38:select:1";42:1;VIP-5021_black_L;;;;27.500000;0.000000;0.00;6;0;0;0;;;0;
864;"Größe 32 - 34 - 36 - 38:select:1";38:1;"VIP-5021_black _M";;;;27.500000;0.000000;0.00;6;1;0;0;;;0;
864;"Größe 32 - 34 - 36 - 38:select:1";34:1;VIP-5021_black_S;;;;27.500000;0.000000;0.00;4;1;0;1;;;0;
865;"Größe 32 - 34 - 36 - 38:select:1";42:1;VIP-5021_red_L;;;;27.500000;0.000000;0.00;5;0;0;0;;;0;
865;"Größe 32 - 34 - 36 - 38:select:1";38:1;"VIP-5021_red _M";;;;27.500000;0.000000;0.00;5;1;0;0;;;0;
865;"Größe 32 - 34 - 36 - 38:select:1";34:1;VIP-5021_red_S;;;;27.500000;0.000000;0.00;6;1;0;1;;;0;
867;"Größe 32 - 34 - 36 - 38:select:1";38:1;VIP-5002_black_38;;4250781841200;;18.500000;0.000000;0.00;1;0;0;0;;;0;
867;"Größe 32 - 34 - 36 - 38:select:1";36:1;VIP-5002_black_36;;4250781841194;;18.500000;0.000000;0.00;2;1;0;0;;;0;
867;"Größe 32 - 34 - 36 - 38:select:1";40:1;VIP-5002_black_40;;4250781841217;;18.500000;0.000000;0.00;1;1;0;0;;;0;
867;"Größe 32 - 34 - 36 - 38:select:1";34:1;VIP-5002_black_34;;4250781841187;;18.500000;0.000000;0.00;2;1;0;1;;;0;
867;"Größe 32 - 34 - 36 - 38:select:1";42:1;VIP-5002_black_42;;4250781841224;;18.500000;0.000000;0.00;1;1;0;0;;;0;
867;"Größe 32 - 34 - 36 - 38:select:1";44:1;VIP-5002_black_44;;4250781841231;;18.500000;0.000000;0.00;1;1;0;0;;;0;
868;"Größe 32 - 34 - 36 - 38:select:1";38:1;VIP-5002_blue_38;;4250781841262;;18.500000;0.000000;0.00;2;0;0;0;;;0;
868;"Größe 32 - 34 - 36 - 38:select:1";36:1;VIP-5002_blue_36;;4250781841255;;18.500000;0.000000;0.00;1;1;0;0;;;0;
868;"Größe 32 - 34 - 36 - 38:select:1";40:1;VIP-5002_blue_40;;4250781841279;;18.500000;0.000000;0.00;0;1;0;0;;;0;
868;"Größe 32 - 34 - 36 - 38:select:1";42:1;VIP-5002_blue_42;;4250781841286;;18.500000;0.000000;0.00;1;1;0;0;;;0;
868;"Größe 32 - 34 - 36 - 38:select:1";44:1;VIP-5002_blue_44;;4250781841293;;18.500000;0.000000;0.00;2;1;0;0;;;0;
868;"Größe 32 - 34 - 36 - 38:select:1";34:1;VIP-5002_blue_34;;4250781841248;;18.500000;0.000000;0.00;2;1;0;1;;;0;
869;"Größe 32 - 34 - 36 - 38:select:1";38:1;VIP-5002_green_38;;4250781841323;;18.500000;0.000000;0.00;1;0;0;0;;;0;
869;"Größe 32 - 34 - 36 - 38:select:1";36:1;VIP-5002_green_36;;4250781841316;;18.500000;0.000000;0.00;1;1;0;0;;;0;
869;"Größe 32 - 34 - 36 - 38:select:1";40:1;VIP-5002_green_40;;4250781841330;;18.500000;0.000000;0.00;1;1;0;0;;;0;
869;"Größe 32 - 34 - 36 - 38:select:1";42:1;VIP-5002_green_42;;4250781841347;;18.500000;0.000000;0.00;5;1;0;0;;;0;
869;"Größe 32 - 34 - 36 - 38:select:1";44:1;VIP-5002_green_44;;4250781841354;;18.500000;0.000000;0.00;1;1;0;0;;;0;
869;"Größe 32 - 34 - 36 - 38:select:1";34:1;VIP-5002_green_34;;4250781841309;;18.500000;0.000000;0.00;1;1;0;1;;;0;
870;"Größe 32 - 34 - 36 - 38:select:1";38:1;VIP-5002_red_38;;4250781841385;;18.500000;0.000000;0.00;0;0;0;0;;;0;
870;"Größe 32 - 34 - 36 - 38:select:1";36:1;VIP-5002_red_36;;4250781841378;;18.500000;0.000000;0.00;1;1;0;0;;;0;
870;"Größe 32 - 34 - 36 - 38:select:1";40:1;VIP-5002_red_40;;4250781841392;;18.500000;0.000000;0.00;2;1;0;0;;;0;
870;"Größe 32 - 34 - 36 - 38:select:1";42:1;VIP-5002_red_42;;4250781841408;;18.500000;0.000000;0.00;1;1;0;0;;;0;
870;"Größe 32 - 34 - 36 - 38:select:1";44:1;VIP-5002_red_44;;4250781841415;;18.500000;0.000000;0.00;3;1;0;0;;;0;
870;"Größe 32 - 34 - 36 - 38:select:1";34:1;VIP-5002_red_34;;4250781841361;;18.500000;0.000000;0.00;1;1;0;1;;;0;
873;"Größe 32 - 34 - 36 - 38:select:1";38:1;VIP-5004_red_38;;4250781841569;;17.000000;0.000000;0.00;1;0;0;0;;;0;
873;"Größe 32 - 34 - 36 - 38:select:1";36:1;VIP-5004_red_36;;4250781841552;;17.000000;0.000000;0.00;1;1;0;0;;;0;
873;"Größe 32 - 34 - 36 - 38:select:1";40:1;VIP-5004_red_40;;4250781841576;;17.000000;0.000000;0.00;6;1;0;0;;;0;
873;"Größe 32 - 34 - 36 - 38:select:1";42:1;VIP-5004_red_42;;4250781841583;;17.000000;0.000000;0.00;4;1;0;0;;;0;
873;"Größe 32 - 34 - 36 - 38:select:1";44:1;VIP-5004_red_44;;4250781841590;;17.000000;0.000000;0.00;4;1;0;0;;;0;
873;"Größe 32 - 34 - 36 - 38:select:1";34:1;VIP-5004_red_34;;4250781841545;;17.000000;0.000000;0.00;4;1;0;1;;;0;
874;"Größe 32 - 34 - 36 - 38:select:1";38:1;VIP-5004_green_38;;4250781841620;;17.000000;0.000000;0.00;2;0;0;0;;;0;
874;"Größe 32 - 34 - 36 - 38:select:1";36:1;VIP-5004_green_36;;4250781841613;;17.000000;0.000000;0.00;1;1;0;0;;;0;
874;"Größe 32 - 34 - 36 - 38:select:1";40:1;VIP-5004_green_40;;4250781841637;;17.000000;0.000000;0.00;2;1;0;0;;;0;
874;"Größe 32 - 34 - 36 - 38:select:1";42:1;VIP-5004_green_42;;4250781841644;;17.000000;0.000000;0.00;3;1;0;0;;;0;
874;"Größe 32 - 34 - 36 - 38:select:1";44:1;VIP-5004_green_44;;4250781841651;;17.000000;0.000000;0.00;4;1;0;0;;;0;
874;"Größe 32 - 34 - 36 - 38:select:1";34:1;VIP-5004_green_34;;4250781841606;;17.000000;0.000000;0.00;4;1;0;1;;;0;
875;"Größe 32 - 34 - 36 - 38:select:1";38:1;VIP-5004_purple_38;;4250781841682;;17.000000;0.000000;0.00;3;0;0;0;;;0;
875;"Größe 32 - 34 - 36 - 38:select:1";36:1;VIP-5004_purple_36;;4250781841675;;17.000000;0.000000;0.00;3;1;0;0;;;0;
875;"Größe 32 - 34 - 36 - 38:select:1";40:1;VIP-5004_purple_40;;4250781841699;;17.000000;0.000000;0.00;4;1;0;0;;;0;
875;"Größe 32 - 34 - 36 - 38:select:1";42:1;VIP-5004_purple_42;;4250781841705;;17.000000;0.000000;0.00;5;1;0;0;;;0;
875;"Größe 32 - 34 - 36 - 38:select:1";44:1;VIP-5004_purple_44;;4250781841712;;17.000000;0.000000;0.00;3;1;0;0;;;0;
875;"Größe 32 - 34 - 36 - 38:select:1";34:1;VIP-5004_purple_34;;4250781841668;;17.000000;0.000000;0.00;4;1;0;1;;;0;
889;"Größe 32 - 34 - 36 - 38:select:1";38:1;VIP-5010_black_38;;4250781842320;;18.000000;0.000000;0.00;0;0;0;0;;;0;
889;"Größe 32 - 34 - 36 - 38:select:1";36:1;VIP-5010_black_36;;4250781842313;;18.000000;0.000000;0.00;1;1;0;0;;;0;
889;"Größe 32 - 34 - 36 - 38:select:1";40:1;VIP-5010_black_40;;4250781842337;;18.000000;0.000000;0.00;0;1;0;0;;;0;
889;"Größe 32 - 34 - 36 - 38:select:1";42:1;VIP-5010_black_42;;4250781842344;;18.000000;0.000000;0.00;1;1;0;0;;;0;
889;"Größe 32 - 34 - 36 - 38:select:1";44:1;VIP-5010_black_44;;4250781842351;;18.000000;0.000000;0.00;0;1;0;0;;;0;
889;"Größe 32 - 34 - 36 - 38:select:1";34:1;VIP-5010_black_34;;4250781842306;;18.000000;0.000000;0.00;1;1;0;1;;;0;
890;"Größe 32 - 34 - 36 - 38:select:1";38:1;VIP-5010_green_38;;4250781842382;;18.000000;0.000000;0.00;0;0;0;0;;;0;
890;"Größe 32 - 34 - 36 - 38:select:1";36:1;VIP-5010_green_36;;4250781842375;;18.000000;0.000000;0.00;0;1;0;0;;;0;
890;"Größe 32 - 34 - 36 - 38:select:1";40:1;VIP-5010_green_40;;4250781842399;;18.000000;0.000000;0.00;1;1;0;0;;;0;
890;"Größe 32 - 34 - 36 - 38:select:1";42:1;VIP-5010_green_42;;4250781842405;;18.000000;0.000000;0.00;0;1;0;0;;;0;
890;"Größe 32 - 34 - 36 - 38:select:1";44:1;VIP-5010_green_44;;4250781842412;;18.000000;0.000000;0.00;0;1;0;0;;;0;
890;"Größe 32 - 34 - 36 - 38:select:1";34:1;VIP-5010_green_34;;4250781842368;;18.000000;0.000000;0.00;0;1;0;1;;;0;
891;"Größe 32 - 34 - 36 - 38:select:1";38:1;VIP-5010_yellow_38;;4250781842443;;18.000000;0.000000;0.00;1;0;0;0;;;0;
891;"Größe 32 - 34 - 36 - 38:select:1";36:1;VIP-5010_yellow_36;;4250781842436;;18.000000;0.000000;0.00;1;1;0;0;;;0;
891;"Größe 32 - 34 - 36 - 38:select:1";40:1;VIP-5010_yellow_40;;4250781842450;;18.000000;0.000000;0.00;3;1;0;0;;;0;
891;"Größe 32 - 34 - 36 - 38:select:1";42:1;VIP-5010_yellow_42;;4250781842467;;18.000000;0.000000;0.00;1;1;0;0;;;0;
891;"Größe 32 - 34 - 36 - 38:select:1";44:1;VIP-5010_yellow_44;;4250781842474;;18.000000;0.000000;0.00;2;1;0;0;;;0;
891;"Größe 32 - 34 - 36 - 38:select:1";34:1;VIP-5010_yellow_34;;4250781842429;;18.000000;0.000000;0.00;1;1;0;1;;;0;

